"city","city_ascii","lat","lng","country","iso2","iso3","admin_name","capital","population","id"
"São Paulo","Sao Paulo","-23.5504","-46.6339","Brazil","BR","BRA","São Paulo","admin","23086000","1076532519"
"Rio de Janeiro","Rio de Janeiro","-22.9111","-43.2056","Brazil","BR","BRA","Rio de Janeiro","admin","12592000","1076887657"
"Belo Horizonte","Belo Horizonte","-19.9281","-43.9419","Brazil","BR","BRA","Minas Gerais","admin","5328000","1076967355"
"Fortaleza","Fortaleza","-3.7275","-38.5275","Brazil","BR","BRA","Ceará","admin","4167996","1076567885"
"Salvador","Salvador","-12.9831","-38.4928","Brazil","BR","BRA","Bahia","admin","2417678","1076923789"
"Curitiba","Curitiba","-25.4297","-49.2719","Brazil","BR","BRA","Paraná","admin","1773718","1076701712"
"Recife","Recife","-8.0539","-34.8808","Brazil","BR","BRA","Pernambuco","admin","1488920","1076137337"
"Porto Alegre","Porto Alegre","-30.0328","-51.2300","Brazil","BR","BRA","Rio Grande do Sul","admin","1332845","1076658221"
"Guarulhos","Guarulhos","-23.4667","-46.5333","Brazil","BR","BRA","São Paulo","minor","1324781","1076730420"
"Belém","Belem","-1.4558","-48.5039","Brazil","BR","BRA","Pará","admin","1280614","1076646823"
"Campinas","Campinas","-22.9009","-47.0573","Brazil","BR","BRA","São Paulo","minor","1213792","1076145766"
"Goiânia","Goiania","-16.6806","-49.2564","Brazil","BR","BRA","Goiás","admin","1093007","1076034054"
"São Luís","Sao Luis","-2.5300","-44.3028","Brazil","BR","BRA","Maranhão","admin","1037775","1076819308"
"Maceió","Maceio","-9.6658","-35.7350","Brazil","BR","BRA","Alagoas","admin","957916","1076440479"
"São Gonçalo","Sao Goncalo","-22.8269","-43.0539","Brazil","BR","BRA","Rio de Janeiro","minor","896744","1076485783"
"Teresina","Teresina","-5.0903","-42.8167","Brazil","BR","BRA","Piauí","admin","868075","1076727667"
"João Pessoa","Joao Pessoa","-7.1200","-34.8800","Brazil","BR","BRA","Paraíba","admin","833932","1076922014"
"São Bernardo do Campo","Sao Bernardo do Campo","-23.6939","-46.5650","Brazil","BR","BRA","São Paulo","minor","810729","1076793227"
"Natal","Natal","-5.7950","-35.2089","Brazil","BR","BRA","Rio Grande do Norte","admin","751300","1076697777"
"Santo André","Santo Andre","-23.6533","-46.5280","Brazil","BR","BRA","São Paulo","minor","748919","1076625886"
"Sorocaba","Sorocaba","-23.5019","-47.4578","Brazil","BR","BRA","São Paulo","minor","723574","1076758708"
"Aracaju","Aracaju","-10.9111","-37.0717","Brazil","BR","BRA","Sergipe","admin","664908","1076527830"
"Campo Grande","Campo Grande","-20.4686","-54.6222","Brazil","BR","BRA","Mato Grosso do Sul","admin","663621","1076660445"
"Osasco","Osasco","-23.5328","-46.7919","Brazil","BR","BRA","São Paulo","minor","652593","1076786452"
"Jaboatão dos Guararapes","Jaboatao dos Guararapes","-8.1128","-35.0150","Brazil","BR","BRA","Pernambuco","minor","581556","1076003460"
"Juiz de Fora","Juiz de Fora","-21.7642","-43.3503","Brazil","BR","BRA","Minas Gerais","minor","540756","1076006144"
"São José dos Campos","Sao Jose dos Campos","-23.1789","-45.8869","Brazil","BR","BRA","São Paulo","minor","539313","1076783887"
"Contagem","Contagem","-19.9319","-44.0539","Brazil","BR","BRA","Minas Gerais","minor","538017","1076845191"
"Macapá","Macapa","0.0330","-51.0500","Brazil","BR","BRA","Amapá","admin","512902","1076189884"
"Campos","Campos","-21.7523","-41.3304","Brazil","BR","BRA","Rio de Janeiro","minor","511168","1076606365"
"Ribeirão Prêto","Ribeirao Preto","-21.1776","-47.8101","Brazil","BR","BRA","São Paulo","minor","504923","1076524478"
"Uberlândia","Uberlandia","-18.9189","-48.2769","Brazil","BR","BRA","Minas Gerais","minor","501214","1076495001"
"Niterói","Niteroi","-22.8833","-43.1036","Brazil","BR","BRA","Rio de Janeiro","minor","496696","1076501425"
"Cuiabá","Cuiaba","-15.5958","-56.0969","Brazil","BR","BRA","Mato Grosso","admin","483346","1076112309"
"Feira de Santana","Feira de Santana","-12.2669","-38.9669","Brazil","BR","BRA","Bahia","minor","480949","1076892244"
"Ananindeua","Ananindeua","-1.3658","-48.3719","Brazil","BR","BRA","Pará","minor","478778","1076025295"
"Vila Velha","Vila Velha","-20.3364","-40.2936","Brazil","BR","BRA","Espírito Santo","minor","472762","1076404077"
"Mogi das Cruzes","Mogi das Cruzes","-23.5228","-46.1931","Brazil","BR","BRA","São Paulo","minor","450785","1076857883"
"Londrina","Londrina","-23.3100","-51.1628","Brazil","BR","BRA","Paraná","minor","447065","1076723241"
"Joinvile","Joinvile","-26.3039","-48.8458","Brazil","BR","BRA","Santa Catarina","minor","429604","1076050637"
"Piracicaba","Piracicaba","-22.7252","-47.6493","Brazil","BR","BRA","São Paulo","minor","423323","1076166252"
"Campina Grande","Campina Grande","-7.2306","-35.8811","Brazil","BR","BRA","Paraíba","minor","419379","1076218697"
"Santos","Santos","-23.9608","-46.3339","Brazil","BR","BRA","São Paulo","minor","418608","1076033299"
"Mauá","Maua","-23.6678","-46.4608","Brazil","BR","BRA","São Paulo","minor","418261","1076477498"
"Boa Vista","Boa Vista","2.8200","-60.6719","Brazil","BR","BRA","Roraima","admin","413486","1076621300"
"Maringá","Maringa","-23.4250","-51.9389","Brazil","BR","BRA","Paraná","minor","409657","1076013378"
"Jundiaí","Jundiai","-23.1864","-46.8842","Brazil","BR","BRA","São Paulo","minor","401896","1076998392"
"Diadema","Diadema","-23.6858","-46.6228","Brazil","BR","BRA","São Paulo","minor","393237","1076867279"
"Itaquaquecetuba","Itaquaquecetuba","-23.4864","-46.3486","Brazil","BR","BRA","São Paulo","minor","375011","1076942224"
"Bauru","Bauru","-22.3147","-49.0606","Brazil","BR","BRA","São Paulo","minor","366992","1076905338"
"Rio Branco","Rio Branco","-9.9781","-67.8117","Brazil","BR","BRA","Acre","admin","364756","1076391263"
"Blumenau","Blumenau","-26.9189","-49.0658","Brazil","BR","BRA","Santa Catarina","minor","361261","1076618665"
"Caxias do Sul","Caxias do Sul","-29.1678","-51.1789","Brazil","BR","BRA","Rio Grande do Sul","minor","360419","1076809957"
"São José do Rio Prêto","Sao Jose do Rio Preto","-20.8200","-49.3789","Brazil","BR","BRA","São Paulo","minor","358523","1076760827"
"Caucaia","Caucaia","-3.7328","-38.6558","Brazil","BR","BRA","Ceará","minor","355679","1076870058"
"Olinda","Olinda","-8.0089","-34.8550","Brazil","BR","BRA","Pernambuco","minor","349976","1076784718"
"Praia Grande","Praia Grande","-24.0058","-46.4028","Brazil","BR","BRA","São Paulo","minor","349935","1076548222"
"Cascavel","Cascavel","-24.9558","-53.4553","Brazil","BR","BRA","Paraná","minor","348051","1076509946"
"Canoas","Canoas","-29.9200","-51.1800","Brazil","BR","BRA","Rio Grande do Sul","minor","347657","1076009922"
"Carapicuíba","Carapicuiba","-23.5228","-46.8358","Brazil","BR","BRA","São Paulo","minor","344596","1076874103"
"Florianópolis","Florianopolis","-27.5933","-48.5530","Brazil","BR","BRA","Santa Catarina","admin","342315","1076190259"
"Paulista","Paulista","-7.9408","-34.8728","Brazil","BR","BRA","Pernambuco","minor","342167","1076183876"
"Vitória da Conquista","Vitoria da Conquista","-14.8661","-40.8394","Brazil","BR","BRA","Bahia","minor","341128","1076812020"
"Porto Velho","Porto Velho","-8.7619","-63.9039","Brazil","BR","BRA","Rondônia","admin","334661","1076045591"
"Santarém","Santarem","-2.4431","-54.7083","Brazil","BR","BRA","Pará","","331937","1076256494"
"Ribeirão das Neves","Ribeirao das Neves","-19.7669","-44.0869","Brazil","BR","BRA","Minas Gerais","minor","329794","1076482220"
"Cariacica","Cariacica","-20.2639","-40.4200","Brazil","BR","BRA","Espírito Santo","minor","324285","1076479479"
"Pelotas","Pelotas","-31.7719","-52.3428","Brazil","BR","BRA","Rio Grande do Sul","minor","323158","1076815692"
"Vitória","Vitoria","-20.3106","-40.2972","Brazil","BR","BRA","Espírito Santo","admin","322869","1076376829"
"Serra","Serra","-20.1289","-40.3078","Brazil","BR","BRA","Espírito Santo","minor","321181","1076191325"
"Taubaté","Taubate","-23.0333","-45.5500","Brazil","BR","BRA","São Paulo","minor","317915","1076146252"
"Barueri","Barueri","-23.5111","-46.8764","Brazil","BR","BRA","São Paulo","minor","316473","1076211114"
"Guarujá","Guaruja","-23.9936","-46.2564","Brazil","BR","BRA","São Paulo","minor","311230","1076832747"
"Montes Claros","Montes Claros","-16.7322","-43.8636","Brazil","BR","BRA","Minas Gerais","minor","306947","1076113275"
"Betim","Betim","-19.9678","-44.1978","Brazil","BR","BRA","Minas Gerais","minor","306675","1076953384"
"São Vicente","Sao Vicente","-23.9664","-46.3861","Brazil","BR","BRA","São Paulo","minor","303551","1076857089"
"Palmas","Palmas","-10.1886","-48.3336","Brazil","BR","BRA","Tocantins","admin","302692","1076052802"
"Várzea Grande","Varzea Grande","-15.6469","-56.1328","Brazil","BR","BRA","Mato Grosso","minor","300078","1076359879"
"Anápolis","Anapolis","-16.3269","-48.9528","Brazil","BR","BRA","Goiás","minor","288085","1076208869"
"Franca","Franca","-20.5389","-47.4008","Brazil","BR","BRA","São Paulo","minor","287737","1076740256"
"Juazeiro do Norte","Juazeiro do Norte","-7.2128","-39.3150","Brazil","BR","BRA","Ceará","minor","286120","1076912078"
"Foz do Iguaçu","Foz do Iguacu","-25.5400","-54.5875","Brazil","BR","BRA","Paraná","minor","285415","1076025805"
"Petrópolis","Petropolis","-22.5050","-43.1789","Brazil","BR","BRA","Rio de Janeiro","minor","278881","1076352504"
"Ponta Grossa","Ponta Grossa","-25.0950","-50.1619","Brazil","BR","BRA","Paraná","minor","273616","1076716439"
"Taboão da Serra","Taboao da Serra","-23.6019","-46.7528","Brazil","BR","BRA","São Paulo","minor","273542","1076000585"
"Imperatriz","Imperatriz","-5.5258","-47.4758","Brazil","BR","BRA","Maranhão","minor","273110","1076486025"
"Sumaré","Sumare","-22.8219","-47.2669","Brazil","BR","BRA","São Paulo","minor","265955","1076684312"
"Mossoró","Mossoro","-5.1878","-37.3439","Brazil","BR","BRA","Rio Grande do Norte","minor","264577","1076461194"
"Itajaí","Itajai","-26.9078","-48.6619","Brazil","BR","BRA","Santa Catarina","minor","264054","1076348188"
"Indaiatuba","Indaiatuba","-23.0903","-47.2181","Brazil","BR","BRA","São Paulo","minor","256223","1076347789"
"São Carlos","Sao Carlos","-22.0178","-47.8908","Brazil","BR","BRA","São Paulo","minor","254484","1076673445"
"Caruaru","Caruaru","-8.2828","-35.9758","Brazil","BR","BRA","Pernambuco","minor","253634","1076397475"
"Parnamirim","Parnamirim","-5.9158","-35.2628","Brazil","BR","BRA","Rio Grande do Norte","minor","252716","1076600360"
"Uberaba","Uberaba","-19.7478","-47.9319","Brazil","BR","BRA","Minas Gerais","minor","252051","1076230331"
"Limeira","Limeira","-22.5647","-47.4017","Brazil","BR","BRA","São Paulo","minor","249046","1076508566"
"Governador Valadares","Governador Valadares","-18.8508","-41.9489","Brazil","BR","BRA","Minas Gerais","minor","247131","1076271003"
"Macaé","Macae","-22.3708","-41.7869","Brazil","BR","BRA","Rio de Janeiro","minor","246391","1076074287"
"São José de Ribamar","Sao Jose de Ribamar","-2.5619","-44.0539","Brazil","BR","BRA","Maranhão","minor","244579","1076976057"
"Santa Maria","Santa Maria","-29.6839","-53.8069","Brazil","BR","BRA","Rio Grande do Sul","minor","243611","1076178738"
"Araraquara","Araraquara","-21.7939","-48.1758","Brazil","BR","BRA","São Paulo","minor","242228","1076251019"
"Volta Redonda","Volta Redonda","-22.5231","-44.1042","Brazil","BR","BRA","Rio de Janeiro","minor","242063","1076343513"
"Americana","Americana","-22.7392","-47.3314","Brazil","BR","BRA","São Paulo","minor","242018","1076922153"
"Sete Lagoas","Sete Lagoas","-19.4658","-44.2469","Brazil","BR","BRA","Minas Gerais","minor","241835","1076863850"
"Marília","Marilia","-22.2139","-49.9458","Brazil","BR","BRA","São Paulo","minor","240590","1076042151"
"Jacareí","Jacarei","-23.3050","-45.9658","Brazil","BR","BRA","São Paulo","minor","240275","1076592769"
"Arapiraca","Arapiraca","-9.7525","-36.6611","Brazil","BR","BRA","Alagoas","minor","234696","1076615737"
"Maracanaú","Maracanau","-3.8769","-38.6258","Brazil","BR","BRA","Ceará","minor","234509","1076848743"
"Gravataí","Gravatai","-29.9433","-50.9939","Brazil","BR","BRA","Rio Grande do Sul","minor","232629","1076919841"
"Divinópolis","Divinopolis","-20.1389","-44.8839","Brazil","BR","BRA","Minas Gerais","minor","231091","1076716552"
"Suzano","Suzano","-23.5428","-46.3108","Brazil","BR","BRA","São Paulo","minor","228690","1076830201"
"Magé","Mage","-22.6528","-43.0408","Brazil","BR","BRA","Rio de Janeiro","minor","228127","1076385139"
"Ipatinga","Ipatinga","-19.4678","-42.5369","Brazil","BR","BRA","Minas Gerais","minor","227731","1076484921"
"Rio Verde","Rio Verde","-17.7978","-50.9278","Brazil","BR","BRA","Goiás","minor","225696","1076844683"
"Presidente Prudente","Presidente Prudente","-22.1258","-51.3889","Brazil","BR","BRA","São Paulo","minor","225668","1076239965"
"Itaboraí","Itaborai","-22.7475","-42.8558","Brazil","BR","BRA","Rio de Janeiro","minor","224267","1076964860"
"Viamão","Viamao","-30.0808","-51.0228","Brazil","BR","BRA","Rio Grande do Sul","minor","224112","1076314777"
"Chapecó","Chapeco","-27.0958","-52.6178","Brazil","BR","BRA","Santa Catarina","minor","224013","1076258255"
"Itapevi","Itapevi","-23.5489","-46.9342","Brazil","BR","BRA","São Paulo","minor","223404","1076008789"
"Santa Luzia","Santa Luzia","-19.7697","-43.8514","Brazil","BR","BRA","Minas Gerais","minor","220444","1076123204"
"Petrolina","Petrolina","-9.3928","-40.5078","Brazil","BR","BRA","Pernambuco","minor","218538","1076843988"
"Hortolândia","Hortolandia","-22.8583","-47.2200","Brazil","BR","BRA","São Paulo","minor","215819","1076591779"
"Criciúma","Criciuma","-28.6775","-49.3697","Brazil","BR","BRA","Santa Catarina","minor","211369","1076000206"
"Sobral","Sobral","-3.6861","-40.3497","Brazil","BR","BRA","Ceará","minor","210711","1076577102"
"Santo Agostinho","Santo Agostinho","-8.2900","-35.0300","Brazil","BR","BRA","Pernambuco","","208944","1076363089"
"São José dos Pinhais","Sao Jose dos Pinhais","-25.5350","-49.2058","Brazil","BR","BRA","Paraná","minor","204316","1076174955"
"Rio Claro","Rio Claro","-22.4108","-47.5608","Brazil","BR","BRA","São Paulo","minor","201418","1076411428"
"Araçatuba","Aracatuba","-21.2089","-50.4328","Brazil","BR","BRA","São Paulo","minor","200124","1076630308"
"São Leopoldo","Sao Leopoldo","-29.7600","-51.1469","Brazil","BR","BRA","Rio Grande do Sul","minor","193547","1076834293"
"Nossa Senhora do Socorro","Nossa Senhora do Socorro","-10.8550","-37.1258","Brazil","BR","BRA","Sergipe","minor","192330","1076881156"
"Rio Grande","Rio Grande","-32.0350","-52.0989","Brazil","BR","BRA","Rio Grande do Sul","minor","191900","1076567920"
"Itabuna","Itabuna","-14.7858","-39.2800","Brazil","BR","BRA","Bahia","minor","186708","1076003792"
"Ferraz de Vasconcelos","Ferraz de Vasconcelos","-23.5411","-46.3689","Brazil","BR","BRA","São Paulo","minor","184700","1076173995"
"Santa Bárbara d’Oeste","Santa Barbara d'Oeste","-22.7539","-47.4139","Brazil","BR","BRA","São Paulo","minor","183347","1076199404"
"Colombo","Colombo","-25.2919","-49.2239","Brazil","BR","BRA","Paraná","minor","183329","1076976439"
"Jaraguá do Sul","Jaragua do Sul","-26.4858","-49.0669","Brazil","BR","BRA","Santa Catarina","minor","182660","1076588128"
"Guarapuava","Guarapuava","-25.3950","-51.4578","Brazil","BR","BRA","Paraná","minor","182093","1076415327"
"Manaus","Manaus","-3.1189","-60.0217","Brazil","BR","BRA","Amazonas","admin","175343","1076607274"
"Cachoeiro de Itapemirim","Cachoeiro de Itapemirim","-20.8489","-41.1128","Brazil","BR","BRA","Espírito Santo","","174879","1076536175"
"Juazeiro","Juazeiro","-9.4139","-40.5028","Brazil","BR","BRA","Bahia","minor","174567","1076632040"
"Luziânia","Luziania","-16.2528","-47.9500","Brazil","BR","BRA","Goiás","minor","174531","1076073549"
"Timon","Timon","-5.0939","-42.8369","Brazil","BR","BRA","Maranhão","minor","174465","1076758286"
"São José","Sao Jose","-27.6150","-48.6278","Brazil","BR","BRA","Santa Catarina","minor","173559","1076689151"
"Nova Friburgo","Nova Friburgo","-22.2819","-42.5308","Brazil","BR","BRA","Rio de Janeiro","minor","173418","1076922983"
"Araguaína","Araguaina","-7.1908","-48.2069","Brazil","BR","BRA","Tocantins","minor","171301","1076632868"
"Barra Mansa","Barra Mansa","-22.5439","-44.1708","Brazil","BR","BRA","Rio de Janeiro","minor","169894","1076686083"
"Passo Fundo","Passo Fundo","-28.2628","-52.4069","Brazil","BR","BRA","Rio Grande do Sul","minor","168458","1076763340"
"Francisco Morato","Francisco Morato","-23.2817","-46.7425","Brazil","BR","BRA","São Paulo","minor","168243","1076808330"
"Marabá","Maraba","-5.3689","-49.1178","Brazil","BR","BRA","Pará","minor","168020","1076974144"
"Itapecerica da Serra","Itapecerica da Serra","-23.7172","-46.8494","Brazil","BR","BRA","São Paulo","minor","167236","1076163359"
"Itu","Itu","-23.2642","-47.2992","Brazil","BR","BRA","São Paulo","minor","167095","1076622789"
"Linhares","Linhares","-19.3987","-40.0651","Brazil","BR","BRA","Espírito Santo","minor","166786","1076355611"
"São Caetano do Sul","Sao Caetano do Sul","-23.6228","-46.5508","Brazil","BR","BRA","São Paulo","minor","165655","1076527920"
"Lajes","Lajes","-27.8158","-50.3258","Brazil","BR","BRA","Santa Catarina","minor","164981","1076517475"
"Dourados","Dourados","-22.2208","-54.8058","Brazil","BR","BRA","Mato Grosso do Sul","minor","164949","1076544482"
"Poços de Caldas","Pocos de Caldas","-21.7878","-46.5608","Brazil","BR","BRA","Minas Gerais","minor","163742","1076336113"
"Parnaíba","Parnaiba","-2.9050","-41.7769","Brazil","BR","BRA","Piauí","minor","162159","1076568871"
"Camaçari","Camacari","-12.6978","-38.3239","Brazil","BR","BRA","Bahia","minor","161727","1076610862"
"Bragança Paulista","Braganca Paulista","-22.9189","-46.5425","Brazil","BR","BRA","São Paulo","minor","160665","1076245528"
"Pindamonhangaba","Pindamonhangaba","-22.9239","-45.4617","Brazil","BR","BRA","São Paulo","minor","160614","1076937468"
"Patos de Minas","Patos de Minas","-18.5871","-46.5149","Brazil","BR","BRA","Minas Gerais","minor","159235","1076100026"
"Abaetetuba","Abaetetuba","-1.7178","-48.8828","Brazil","BR","BRA","Pará","minor","158188","1076974632"
"Ilhéus","Ilheus","-14.7889","-39.0489","Brazil","BR","BRA","Bahia","minor","157639","1076021121"
"Itapetininga","Itapetininga","-23.5917","-48.0531","Brazil","BR","BRA","São Paulo","minor","157016","1076425970"
"Rio das Ostras","Rio das Ostras","-22.5269","-41.9450","Brazil","BR","BRA","Rio de Janeiro","minor","156491","1076148122"
"Camarajibe","Camarajibe","-8.0219","-34.9808","Brazil","BR","BRA","Pernambuco","minor","155054","1076738662"
"Santana de Parnaíba","Santana de Parnaiba","-23.4439","-46.9178","Brazil","BR","BRA","São Paulo","minor","154105","1076401391"
"Pouso Alegre","Pouso Alegre","-22.2281","-45.9336","Brazil","BR","BRA","Minas Gerais","minor","152549","1076082333"
"Alagoinhas","Alagoinhas","-12.1356","-38.4192","Brazil","BR","BRA","Bahia","minor","152327","1076155953"
"Araucária","Araucaria","-25.5928","-49.4100","Brazil","BR","BRA","Paraná","minor","151666","1076784908"
"Toledo","Toledo","-24.7139","-53.7428","Brazil","BR","BRA","Paraná","minor","150470","1076312600"
"Rondonópolis","Rondonopolis","-16.4708","-54.6358","Brazil","BR","BRA","Mato Grosso","minor","150227","1076627175"
"Santa Rita","Santa Rita","-7.1139","-34.9778","Brazil","BR","BRA","Paraíba","minor","149910","1076661082"
"Cotia","Cotia","-23.6039","-46.9189","Brazil","BR","BRA","São Paulo","minor","148987","1076098590"
"Jequié","Jequie","-13.8578","-40.0839","Brazil","BR","BRA","Bahia","minor","147202","1076558785"
"Franco da Rocha","Franco da Rocha","-23.3286","-46.7244","Brazil","BR","BRA","São Paulo","minor","145755","1076071582"
"Paço do Lumiar","Paco do Lumiar","-2.5319","-44.1078","Brazil","BR","BRA","Maranhão","minor","145643","1076632637"
"Garanhuns","Garanhuns","-8.8903","-36.4928","Brazil","BR","BRA","Pernambuco","minor","142506","1076673653"
"Trindade","Trindade","-16.6489","-49.4889","Brazil","BR","BRA","Goiás","minor","142431","1076815881"
"Brasília","Brasilia","-15.7939","-47.8828","Brazil","BR","BRA","Distrito Federal","primary","141742","1076144436"
"Brusque","Brusque","-27.0978","-48.9178","Brazil","BR","BRA","Santa Catarina","minor","141385","1076418225"
"Caxias","Caxias","-4.8589","-43.3558","Brazil","BR","BRA","Maranhão","minor","139756","1076325693"
"Botucatu","Botucatu","-22.8858","-48.4450","Brazil","BR","BRA","São Paulo","minor","139483","1076113865"
"Balneário de Camboriú","Balneario de Camboriu","-26.9908","-48.6350","Brazil","BR","BRA","Santa Catarina","minor","139155","1076385564"
"Teresópolis","Teresopolis","-22.4119","-42.9658","Brazil","BR","BRA","Rio de Janeiro","minor","138081","1076000296"
"Teófilo Otoni","Teofilo Otoni","-17.8578","-41.5050","Brazil","BR","BRA","Minas Gerais","minor","137418","1076465745"
"Atibaia","Atibaia","-23.1172","-46.5506","Brazil","BR","BRA","São Paulo","minor","137187","1076042485"
"Varginha","Varginha","-21.5508","-45.4300","Brazil","BR","BRA","Minas Gerais","minor","136467","1076731794"
"Campo Largo","Campo Largo","-25.4589","-49.5278","Brazil","BR","BRA","Paraná","minor","136327","1076072105"
"Cachoeirinha","Cachoeirinha","-29.9508","-51.0939","Brazil","BR","BRA","Rio Grande do Sul","minor","136258","1076573967"
"Castanhal","Castanhal","-1.2969","-47.9219","Brazil","BR","BRA","Pará","minor","134496","1076216938"
"Salto","Salto","-23.2008","-47.2869","Brazil","BR","BRA","São Paulo","minor","134319","1076427264"
"Cametá","Cameta","-2.2439","-49.4958","Brazil","BR","BRA","Pará","minor","134184","1076010069"
"Marituba","Marituba","-10.2833","-36.4000","Brazil","BR","BRA","Alagoas","","133685","1076858443"
"Jaú","Jau","-22.2958","-48.5578","Brazil","BR","BRA","São Paulo","minor","133497","1076312559"
"Santa Cruz do Sul","Santa Cruz do Sul","-29.7178","-52.4258","Brazil","BR","BRA","Rio Grande do Sul","minor","133230","1076862896"
"Ibirité","Ibirite","-20.0219","-44.0589","Brazil","BR","BRA","Minas Gerais","minor","133044","1076368194"
"Crato","Crato","-7.2342","-39.4094","Brazil","BR","BRA","Ceará","minor","133031","1076894967"
"São Mateus","Sao Mateus","-18.7201","-39.8589","Brazil","BR","BRA","Espírito Santo","minor","132642","1076829621"
"Barreiras","Barreiras","-12.1528","-44.9900","Brazil","BR","BRA","Bahia","minor","131849","1076854674"
"Cubatão","Cubatao","-23.8953","-46.4256","Brazil","BR","BRA","São Paulo","minor","131626","1076384228"
"Conselheiro Lafaiete","Conselheiro Lafaiete","-20.6600","-43.7858","Brazil","BR","BRA","Minas Gerais","minor","131621","1076456009"
"Itapipoca","Itapipoca","-3.4939","-39.5789","Brazil","BR","BRA","Ceará","minor","131123","1076980375"
"Araras","Araras","-22.3569","-47.3839","Brazil","BR","BRA","São Paulo","minor","130866","1076656148"
"Apucarana","Apucarana","-23.5508","-51.4608","Brazil","BR","BRA","Paraná","minor","130134","1076256387"
"Vespasiano","Vespasiano","-19.6919","-43.9233","Brazil","BR","BRA","Minas Gerais","minor","129765","1076342199"
"Bragança","Braganca","-1.0536","-46.7656","Brazil","BR","BRA","Pará","minor","128914","1076855072"
"Votorantim","Votorantim","-23.5469","-47.4378","Brazil","BR","BRA","São Paulo","minor","127923","1076604064"
"Paranaguá","Paranagua","-25.5208","-48.5094","Brazil","BR","BRA","Paraná","minor","127339","1076265266"
"Sertãozinho","Sertaozinho","-21.1378","-47.9900","Brazil","BR","BRA","São Paulo","minor","126887","1076989194"
"Cabo Frio","Cabo Frio","-22.8789","-42.0189","Brazil","BR","BRA","Rio de Janeiro","minor","126828","1076449553"
"Barcarena","Barcarena","-1.5058","-48.6258","Brazil","BR","BRA","Pará","minor","126650","1076553062"
"Jandira","Jandira","-23.5278","-46.9028","Brazil","BR","BRA","São Paulo","minor","126356","1076873964"
"Altamira","Altamira","-3.2028","-52.2058","Brazil","BR","BRA","Pará","minor","126279","1076710878"
"Barbacena","Barbacena","-21.2258","-43.7739","Brazil","BR","BRA","Minas Gerais","minor","125317","1076877003"
"Resende","Resende","-22.4689","-44.4469","Brazil","BR","BRA","Rio de Janeiro","minor","125214","1076678781"
"Guarapari","Guarapari","-20.6578","-40.5108","Brazil","BR","BRA","Espírito Santo","minor","124656","1076076726"
"Mogi Guaçu","Mogi Guacu","-22.3719","-46.9419","Brazil","BR","BRA","São Paulo","minor","124228","1076749992"
"Três Lagoas","Tres Lagoas","-20.7876","-51.7034","Brazil","BR","BRA","Mato Grosso do Sul","minor","123281","1076281782"
"Bento Gonçalves","Bento Goncalves","-29.1708","-51.5189","Brazil","BR","BRA","Rio Grande do Sul","minor","123151","1076492877"
"Itatiba","Itatiba","-23.0058","-46.8389","Brazil","BR","BRA","São Paulo","minor","122581","1076747401"
"Barretos","Barretos","-20.5569","-48.5678","Brazil","BR","BRA","São Paulo","minor","122485","1076042195"
"Almirante Tamandaré","Almirante Tamandare","-25.3250","-49.3100","Brazil","BR","BRA","Paraná","minor","119825","1076372357"
"Angra dos Reis","Angra dos Reis","-23.0069","-44.3178","Brazil","BR","BRA","Rio de Janeiro","","119247","1076039737"
"Arapongas","Arapongas","-23.4189","-51.4239","Brazil","BR","BRA","Paraná","minor","119138","1076623771"
"Guaratinguetá","Guaratingueta","-22.8167","-45.2278","Brazil","BR","BRA","São Paulo","minor","119073","1076125544"
"Birigui","Birigui","-21.2889","-50.3400","Brazil","BR","BRA","São Paulo","minor","118979","1076546798"
"Piraquara","Piraquara","-25.4419","-49.0628","Brazil","BR","BRA","Paraná","minor","118730","1076240504"
"Senador Canedo","Senador Canedo","-16.7081","-49.0931","Brazil","BR","BRA","Goiás","minor","118451","1076337498"
"Bagé","Bage","-31.3308","-54.1069","Brazil","BR","BRA","Rio Grande do Sul","minor","117938","1076515015"
"Araguari","Araguari","-18.6489","-48.1869","Brazil","BR","BRA","Minas Gerais","minor","117808","1076402865"
"Vitória de Santo Antão","Vitoria de Santo Antao","-8.1264","-35.3075","Brazil","BR","BRA","Pernambuco","minor","117609","1076843224"
"Uruguaiana","Uruguaiana","-29.7550","-57.0878","Brazil","BR","BRA","Rio Grande do Sul","minor","117210","1076680267"
"Umuarama","Umuarama","-23.7658","-53.3250","Brazil","BR","BRA","Paraná","minor","117095","1076793612"
"Tatuí","Tatui","-23.3556","-47.8569","Brazil","BR","BRA","São Paulo","minor","116682","1076587962"
"São Gonçalo do Amarante","Sao Goncalo do Amarante","-5.7928","-35.3289","Brazil","BR","BRA","Rio Grande do Norte","minor","115838","1076732684"
"Várzea Paulista","Varzea Paulista","-23.2108","-46.8278","Brazil","BR","BRA","São Paulo","minor","115771","1076046083"
"Ribeirão Pires","Ribeirao Pires","-23.7108","-46.4128","Brazil","BR","BRA","São Paulo","minor","115559","1076050419"
"Sabará","Sabara","-19.8858","-43.8069","Brazil","BR","BRA","Minas Gerais","minor","115352","1076006379"
"Igarassu","Igarassu","-7.8339","-34.9058","Brazil","BR","BRA","Pernambuco","minor","115196","1076739866"
"Catalão","Catalao","-18.1700","-47.9419","Brazil","BR","BRA","Goiás","minor","114427","1076169871"
"Poá","Poa","-23.5286","-46.3450","Brazil","BR","BRA","São Paulo","minor","113793","1076905631"
"Lauro de Freitas","Lauro de Freitas","-12.8939","-38.3269","Brazil","BR","BRA","Bahia","minor","113543","1076003519"
"Itabira","Itabira","-19.6189","-43.2269","Brazil","BR","BRA","Minas Gerais","minor","113343","1076783407"
"Paulo Afonso","Paulo Afonso","-9.4078","-38.2219","Brazil","BR","BRA","Bahia","minor","112870","1076084498"
"Passos","Passos","-20.7189","-46.6100","Brazil","BR","BRA","Minas Gerais","minor","111939","1076782492"
"Colatina","Colatina","-19.5389","-40.6308","Brazil","BR","BRA","Espírito Santo","minor","111788","1076751743"
"Nova Lima","Nova Lima","-19.9858","-43.8469","Brazil","BR","BRA","Minas Gerais","minor","111697","1076876220"
"Araxá","Araxa","-19.5928","-46.9408","Brazil","BR","BRA","Minas Gerais","minor","111691","1076259402"
"Ariquemes","Ariquemes","-9.9161","-63.0408","Brazil","BR","BRA","Rondônia","minor","111148","1076442639"
"Codó","Codo","-4.4550","-43.8858","Brazil","BR","BRA","Maranhão","minor","111146","1076537068"
"Sorriso","Sorriso","-12.5450","-55.7108","Brazil","BR","BRA","Mato Grosso","minor","110635","1076873169"
"Tubarão","Tubarao","-28.4669","-49.0069","Brazil","BR","BRA","Santa Catarina","minor","110088","1076663243"
"Itumbiara","Itumbiara","-18.4200","-49.2178","Brazil","BR","BRA","Goiás","minor","107970","1076693747"
"Balsas","Balsas","-7.5325","-46.0356","Brazil","BR","BRA","Maranhão","minor","107767","1076067021"
"Teixeira de Freitas","Teixeira de Freitas","-17.5350","-39.7419","Brazil","BR","BRA","Bahia","minor","107486","1076918835"
"Cambé","Cambe","-23.2758","-51.2778","Brazil","BR","BRA","Paraná","minor","107208","1076233235"
"Ji-Paraná","Ji-Parana","-10.8853","-61.9517","Brazil","BR","BRA","Rondônia","minor","106800","1076313540"
"Açailandia","Acailandia","-4.9469","-47.5050","Brazil","BR","BRA","Maranhão","minor","106550","1076993685"
"São Pedro da Aldeia","Sao Pedro da Aldeia","-22.8392","-42.1028","Brazil","BR","BRA","Rio de Janeiro","minor","106049","1076616321"
"Catanduva","Catanduva","-21.1378","-48.9728","Brazil","BR","BRA","São Paulo","minor","105847","1076772178"
"Jataí","Jatai","-17.8808","-51.7139","Brazil","BR","BRA","Goiás","minor","105729","1076908960"
"Erechim","Erechim","-27.6339","-52.2739","Brazil","BR","BRA","Rio Grande do Sul","minor","105705","1076359548"
"Nova Serrana","Nova Serrana","-19.8758","-44.9839","Brazil","BR","BRA","Minas Gerais","minor","105552","1076026436"
"Japeri","Japeri","-22.6431","-43.6533","Brazil","BR","BRA","Rio de Janeiro","minor","105548","1076331274"
"Lagarto","Lagarto","-10.9172","-37.6500","Brazil","BR","BRA","Sergipe","minor","105221","1076051433"
"Maranguape","Maranguape","-3.8900","-38.6858","Brazil","BR","BRA","Ceará","minor","105093","1076845536"
"Planaltina","Planaltina","-15.4528","-47.6139","Brazil","BR","BRA","Goiás","minor","105031","1076186542"
"Lavras","Lavras","-21.2450","-45.0000","Brazil","BR","BRA","Minas Gerais","minor","104761","1076751259"
"Coronel Fabriciano","Coronel Fabriciano","-19.5189","-42.6289","Brazil","BR","BRA","Minas Gerais","minor","104736","1076563450"
"Muriaé","Muriae","-21.1308","-42.3658","Brazil","BR","BRA","Minas Gerais","minor","104108","1076003733"
"Ourinhos","Ourinhos","-22.9789","-49.8708","Brazil","BR","BRA","São Paulo","minor","103970","1076551408"
"Bacabal","Bacabal","-4.2250","-44.7800","Brazil","BR","BRA","Maranhão","minor","103711","1076125117"
"Itacoatiara","Itacoatiara","-3.1428","-58.4439","Brazil","BR","BRA","Amazonas","minor","103598","1076759384"
"Breves","Breves","-1.6822","-50.4803","Brazil","BR","BRA","Pará","minor","103497","1076061751"
"Ubá","Uba","-21.1200","-42.9428","Brazil","BR","BRA","Minas Gerais","minor","103365","1076389529"
"Patos","Patos","-7.0244","-37.2800","Brazil","BR","BRA","Paraíba","minor","103165","1076232522"
"Itanhaém","Itanhaem","-24.1831","-46.7889","Brazil","BR","BRA","São Paulo","minor","103102","1076274068"
"Aracruz","Aracruz","-19.8203","-40.2733","Brazil","BR","BRA","Espírito Santo","minor","103101","1076506817"
"Iguatu","Iguatu","-6.3594","-39.2986","Brazil","BR","BRA","Ceará","minor","103074","1076734026"
"Camboriú","Camboriu","-27.0250","-48.6539","Brazil","BR","BRA","Santa Catarina","minor","103074","1076088300"
"Santo Antônio de Jesus","Santo Antonio de Jesus","-12.9692","-39.2611","Brazil","BR","BRA","Bahia","minor","103055","1076231231"
"Caieiras","Caieiras","-23.3642","-46.7406","Brazil","BR","BRA","São Paulo","minor","102775","1076000967"
"Palhoça","Palhoca","-27.6444","-48.6678","Brazil","BR","BRA","Santa Catarina","minor","102742","1076000559"
"Ituiutaba","Ituiutaba","-18.9689","-49.4650","Brazil","BR","BRA","Minas Gerais","minor","102217","1076873111"
"Assis","Assis","-22.6619","-50.4119","Brazil","BR","BRA","São Paulo","minor","101409","1076782502"
"Itaperuna","Itaperuna","-21.2050","-41.8878","Brazil","BR","BRA","Rio de Janeiro","minor","101041","1076348886"
"Campo Mourão","Campo Mourao","-24.0458","-52.3828","Brazil","BR","BRA","Paraná","minor","99432","1076799533"
"Caldas Novas","Caldas Novas","-17.7439","-48.6258","Brazil","BR","BRA","Goiás","minor","98622","1076906502"
"Manacapuru","Manacapuru","-3.2997","-60.6206","Brazil","BR","BRA","Amazonas","minor","98502","1076484341"
"Abreu e Lima","Abreu e Lima","-7.9117","-34.9028","Brazil","BR","BRA","Pernambuco","minor","98462","1076355835"
"Santa Cruz do Capibaribe","Santa Cruz do Capibaribe","-7.9573","-36.2047","Brazil","BR","BRA","Pernambuco","minor","98254","1076235057"
"Valença","Valenca","-13.3703","-39.0731","Brazil","BR","BRA","Bahia","minor","97873","1076455406"
"Paulínia","Paulinia","-22.7611","-47.1542","Brazil","BR","BRA","São Paulo","minor","97702","1076327352"
"Itaúna","Itauna","-20.0750","-44.5758","Brazil","BR","BRA","Minas Gerais","minor","97669","1076321811"
"Ipojuca","Ipojuca","-8.3989","-35.0639","Brazil","BR","BRA","Pernambuco","minor","97669","1076800536"
"Lajeado","Lajeado","-29.4669","-51.9614","Brazil","BR","BRA","Rio Grande do Sul","minor","97432","1076361223"
"Pará de Minas","Para de Minas","-19.8600","-44.6078","Brazil","BR","BRA","Minas Gerais","minor","97139","1076626301"
"Francisco Beltrão","Francisco Beltrao","-26.0808","-53.0550","Brazil","BR","BRA","Paraná","minor","96666","1076112162"
"Votuporanga","Votuporanga","-20.4228","-49.9728","Brazil","BR","BRA","São Paulo","minor","96634","1076423091"
"Parintins","Parintins","-2.6278","-56.7358","Brazil","BR","BRA","Amazonas","minor","96372","1076090375"
"Corumbá","Corumba","-19.0089","-57.6528","Brazil","BR","BRA","Mato Grosso do Sul","minor","96268","1076131775"
"Itabaiana","Itabaiana","-10.6850","-37.4253","Brazil","BR","BRA","Sergipe","minor","96142","1076643218"
"Vilhena","Vilhena","-12.7406","-60.1458","Brazil","BR","BRA","Rondônia","minor","95832","1076196581"
"Pôrto Seguro","Porto Seguro","-16.4500","-39.0650","Brazil","BR","BRA","Bahia","minor","95721","1076932180"
"São Cristóvão","Sao Cristovao","-11.0150","-37.2058","Brazil","BR","BRA","Sergipe","minor","95612","1076642686"
"Itaituba","Itaituba","-4.2758","-55.9839","Brazil","BR","BRA","Pará","minor","94750","1076849673"
"Simões Filho","Simoes Filho","-12.7839","-38.4039","Brazil","BR","BRA","Bahia","minor","94066","1076003150"
"Ponta Porã","Ponta Pora","-22.5361","-55.7256","Brazil","BR","BRA","Mato Grosso do Sul","minor","93937","1076647935"
"Rio Largo","Rio Largo","-9.4778","-35.8528","Brazil","BR","BRA","Alagoas","minor","93927","1076018887"
"Mairiporã","Mairipora","-23.3189","-46.5869","Brazil","BR","BRA","São Paulo","minor","93853","1076161359"
"Itajubá","Itajuba","-22.4258","-45.4528","Brazil","BR","BRA","Minas Gerais","minor","93073","1076423300"
"Guaíba","Guaiba","-30.1139","-51.3250","Brazil","BR","BRA","Rio Grande do Sul","minor","92924","1076594929"
"Barra do Piraí","Barra do Pirai","-22.4700","-43.8258","Brazil","BR","BRA","Rio de Janeiro","minor","92883","1076997923"
"Serra Talhada","Serra Talhada","-7.9858","-38.2958","Brazil","BR","BRA","Pernambuco","minor","92228","1076913729"
"Cruzeiro do Sul","Cruzeiro do Sul","-7.6308","-72.6700","Brazil","BR","BRA","Acre","minor","91888","1076881427"
"Pato Branco","Pato Branco","-26.2289","-52.6708","Brazil","BR","BRA","Paraná","minor","91836","1076958036"
"Tucuruí","Tucurui","-3.7678","-49.6728","Brazil","BR","BRA","Pará","minor","91306","1076000076"
"Avaré","Avare","-23.0989","-48.9258","Brazil","BR","BRA","São Paulo","minor","91232","1076118860"
"Manhuaçu","Manhuacu","-20.2581","-42.0336","Brazil","BR","BRA","Minas Gerais","minor","91169","1076000444"
"Caçapava","Cacapava","-23.1008","-45.7069","Brazil","BR","BRA","São Paulo","minor","91162","1076289420"
"São Lourenço da Mata","Sao Lourenco da Mata","-8.0019","-35.0178","Brazil","BR","BRA","Pernambuco","minor","90402","1076714150"
"São João del Rei","Sao Joao del Rei","-21.1358","-44.2619","Brazil","BR","BRA","Minas Gerais","minor","90225","1076559413"
"Patrocínio","Patrocinio","-18.9439","-46.9928","Brazil","BR","BRA","Minas Gerais","minor","89826","1076001071"
"Itapeva","Itapeva","-23.9819","-48.8758","Brazil","BR","BRA","São Paulo","minor","89728","1076767110"
"Saquarema","Saquarema","-22.9200","-42.5100","Brazil","BR","BRA","Rio de Janeiro","minor","89559","1076235078"
"Barra do Corda","Barra do Corda","-5.5031","-45.2369","Brazil","BR","BRA","Maranhão","minor","88492","1076745135"
"Guanambi","Guanambi","-14.2228","-42.7808","Brazil","BR","BRA","Bahia","minor","87817","1076791780"
"Caratinga","Caratinga","-19.7900","-42.1389","Brazil","BR","BRA","Minas Gerais","minor","87360","1076504581"
"Lorena","Lorena","-22.7308","-45.1247","Brazil","BR","BRA","São Paulo","minor","87178","1076493589"
"Unaí","Unai","-16.3639","-46.8944","Brazil","BR","BRA","Minas Gerais","minor","86619","1076438683"
"Gravatá","Gravata","-8.2008","-35.5650","Brazil","BR","BRA","Pernambuco","minor","86516","1076214495"
"Navegantes","Navegantes","-26.8989","-48.6539","Brazil","BR","BRA","Santa Catarina","minor","86401","1076398974"
"Cáceres","Caceres","-16.0711","-57.6789","Brazil","BR","BRA","Mato Grosso","minor","85857","1076422654"
"Redenção","Redencao","-8.0289","-50.0308","Brazil","BR","BRA","Pará","minor","85597","1076392685"
"Novo Hamburgo","Novo Hamburgo","-29.6778","-51.1308","Brazil","BR","BRA","Rio Grande do Sul","minor","85364","1076221386"
"Araripina","Araripina","-7.5500","-40.5667","Brazil","BR","BRA","Pernambuco","minor","85088","1076945288"
"Santa Inês","Santa Ines","-3.6669","-45.3800","Brazil","BR","BRA","Maranhão","minor","85014","1076053036"
"Santana do Livramento","Santana do Livramento","-30.8908","-55.5328","Brazil","BR","BRA","Rio Grande do Sul","minor","84421","1076271841"
"Carpina","Carpina","-7.8508","-35.2547","Brazil","BR","BRA","Pernambuco","minor","84395","1076005200"
"Euriápolis","Euriapolis","-16.3778","-39.5800","Brazil","BR","BRA","Bahia","minor","84120","1076770753"
"Arujá","Aruja","-23.3967","-46.3211","Brazil","BR","BRA","São Paulo","minor","83939","1076436872"
"Lucas do Rio Verde","Lucas do Rio Verde","-13.0500","-55.9108","Brazil","BR","BRA","Mato Grosso","minor","83798","1076459192"
"Matão","Matao","-21.6033","-48.3658","Brazil","BR","BRA","São Paulo","minor","83626","1076497431"
"Serrinha","Serrinha","-11.6642","-39.0075","Brazil","BR","BRA","Bahia","minor","83275","1076832200"
"Picos","Picos","-7.0769","-41.4669","Brazil","BR","BRA","Piauí","minor","83090","1076752928"
"Valinhos","Valinhos","-22.9708","-46.9958","Brazil","BR","BRA","São Paulo","minor","82973","1076809155"
"Araruama","Araruama","-22.8728","-42.3428","Brazil","BR","BRA","Rio de Janeiro","minor","82803","1076900900"
"Bayeux","Bayeux","-7.1333","-34.9333","Brazil","BR","BRA","Paraíba","minor","82742","1076607187"
"Jacobina","Jacobina","-11.1808","-40.5178","Brazil","BR","BRA","Bahia","minor","82590","1076049373"
"Cruzeiro","Cruzeiro","-22.5772","-44.9583","Brazil","BR","BRA","São Paulo","minor","82571","1076421054"
"Quixeramobim","Quixeramobim","-5.1989","-39.2928","Brazil","BR","BRA","Ceará","minor","82177","1076495439"
"Concórdia","Concordia","-27.2339","-52.0278","Brazil","BR","BRA","Santa Catarina","minor","81646","1076922195"
"Timóteo","Timoteo","-19.5828","-42.6439","Brazil","BR","BRA","Minas Gerais","minor","81579","1076541844"
"Mogi Mirim","Mogi Mirim","-22.4319","-46.9578","Brazil","BR","BRA","São Paulo","minor","81467","1076719683"
"Chapadinha","Chapadinha","-3.7419","-43.3600","Brazil","BR","BRA","Maranhão","minor","81386","1076901443"
"Campo Limpo","Campo Limpo","-23.2064","-46.7844","Brazil","BR","BRA","São Paulo","minor","80847","1076459810"
"Leme","Leme","-22.1858","-47.3900","Brazil","BR","BRA","São Paulo","minor","80757","1076542731"
"Curvelo","Curvelo","-18.7564","-44.4308","Brazil","BR","BRA","Minas Gerais","minor","80616","1076253887"
"Seropédica","Seropedica","-22.7439","-43.7078","Brazil","BR","BRA","Rio de Janeiro","minor","80596","1076073491"
"Santana","Santana","-0.0350","-51.1750","Brazil","BR","BRA","Amapá","minor","80439","1076974952"
"Cachoeira do Sul","Cachoeira do Sul","-30.0394","-52.8953","Brazil","BR","BRA","Rio Grande do Sul","minor","80070","1076336795"
"Goiana","Goiana","-7.5606","-35.0025","Brazil","BR","BRA","Pernambuco","minor","80055","1076692421"
"Cianorte","Cianorte","-23.6628","-52.6050","Brazil","BR","BRA","Paraná","minor","79527","1076944079"
"Belo Jardim","Belo Jardim","-8.3358","-36.4239","Brazil","BR","BRA","Pernambuco","minor","79507","1076631616"
"Viana","Viana","-20.3893","-40.4948","Brazil","BR","BRA","Espírito Santo","minor","79500","1076304289"
"São Roque","Sao Roque","-23.5289","-47.1350","Brazil","BR","BRA","São Paulo","minor","79484","1076621665"
"Senhor do Bonfim","Senhor do Bonfim","-10.4614","-40.1894","Brazil","BR","BRA","Bahia","minor","79424","1076513309"
"Viçosa","Vicosa","-20.7539","-42.8819","Brazil","BR","BRA","Minas Gerais","minor","79388","1076988060"
"Caçador","Cacador","-26.7753","-51.0150","Brazil","BR","BRA","Santa Catarina","minor","79313","1076703793"
"Ceará-Mirim","Ceara-Mirim","-5.6339","-35.4258","Brazil","BR","BRA","Rio Grande do Norte","minor","79115","1076913277"
"Alfenas","Alfenas","-21.4289","-45.9469","Brazil","BR","BRA","Minas Gerais","minor","78970","1076300425"
"Caraguatatuba","Caraguatatuba","-23.6200","-45.4128","Brazil","BR","BRA","São Paulo","minor","78921","1076107372"
"Formosa","Formosa","-15.5369","-47.3339","Brazil","BR","BRA","Goiás","minor","78651","1076601172"
"Moju","Moju","-1.8839","-48.7689","Brazil","BR","BRA","Pará","minor","78629","1076020210"
"Ijuí","Ijui","-28.3878","-53.9150","Brazil","BR","BRA","Rio Grande do Sul","minor","78461","1076683915"
"Três Rios","Tres Rios","-22.1169","-43.2089","Brazil","BR","BRA","Rio de Janeiro","minor","78346","1076943829"
"Bebedouro","Bebedouro","-20.9494","-48.4792","Brazil","BR","BRA","São Paulo","minor","77627","1076045128"
"Santa Rosa","Santa Rosa","-27.8708","-54.4814","Brazil","BR","BRA","Rio Grande do Sul","minor","77519","1076071027"
"São João da Boa Vista","Sao Joao da Boa Vista","-21.9689","-46.7978","Brazil","BR","BRA","São Paulo","minor","77387","1076459561"
"Santo Ângelo","Santo Angelo","-28.2989","-54.2628","Brazil","BR","BRA","Rio Grande do Sul","minor","76917","1076113692"
"Valença","Valenca","-22.2456","-43.7003","Brazil","BR","BRA","Rio de Janeiro","minor","76869","1076574787"
"Maricá","Marica","-22.9189","-42.8189","Brazil","BR","BRA","Rio de Janeiro","minor","76737","1076927018"
"Tianguá","Tiangua","-3.7322","-40.9917","Brazil","BR","BRA","Ceará","minor","76537","1076661273"
"Paragominas","Paragominas","-2.9950","-47.3528","Brazil","BR","BRA","Pará","minor","76450","1076557071"
"Ibiúna","Ibiuna","-23.6564","-47.2225","Brazil","BR","BRA","São Paulo","minor","76432","1076173752"
"Crateús","Crateus","-5.1778","-40.6778","Brazil","BR","BRA","Ceará","minor","76390","1076897989"
"Esteio","Esteio","-29.8608","-51.1789","Brazil","BR","BRA","Rio Grande do Sul","minor","76137","1076924823"
"Lins","Lins","-21.6786","-49.7425","Brazil","BR","BRA","São Paulo","minor","76092","1076798294"
"Paranavaí","Paranavai","-23.0728","-52.4650","Brazil","BR","BRA","Paraná","minor","75750","1076424384"
"Sapiranga","Sapiranga","-29.6378","-51.0069","Brazil","BR","BRA","Rio Grande do Sul","minor","75648","1076553484"
"Cataguases","Cataguases","-21.3892","-42.6967","Brazil","BR","BRA","Minas Gerais","minor","75540","1076169159"
"Três Corações","Tres Coracoes","-21.6947","-45.2553","Brazil","BR","BRA","Minas Gerais","minor","75485","1076131585"
"Itapira","Itapira","-22.4361","-46.8217","Brazil","BR","BRA","São Paulo","minor","75234","1076706166"
"Paracatu","Paracatu","-17.2217","-46.8750","Brazil","BR","BRA","Minas Gerais","minor","75216","1076347421"
"Lagoa Santa","Lagoa Santa","-19.6357","-43.8966","Brazil","BR","BRA","Minas Gerais","minor","75145","1076169949"
"Telêmaco Borba","Telemaco Borba","-24.3239","-50.6158","Brazil","BR","BRA","Paraná","minor","75042","1076867165"
"Sinop","Sinop","-11.8639","-55.5039","Brazil","BR","BRA","Mato Grosso","minor","74831","1076876295"
"Piraçununga","Piracununga","-21.9961","-47.4258","Brazil","BR","BRA","São Paulo","minor","74587","1076467647"
"Ouro Prêto","Ouro Preto","-20.3853","-43.5036","Brazil","BR","BRA","Minas Gerais","minor","74558","1076240779"
"Canindé","Caninde","-4.3589","-39.3119","Brazil","BR","BRA","Ceará","minor","74174","1076519156"
"Eusébio","Eusebio","-3.8900","-38.4508","Brazil","BR","BRA","Ceará","minor","74170","1076187536"
"Tefé","Tefe","-3.3539","-64.7108","Brazil","BR","BRA","Amazonas","minor","73669","1076049089"
"João Monlevade","Joao Monlevade","-19.8100","-43.1736","Brazil","BR","BRA","Minas Gerais","minor","73610","1076127295"
"Cacoal","Cacoal","-11.4386","-61.4472","Brazil","BR","BRA","Rondônia","minor","73568","1076046408"
"Irecê","Irece","-11.3042","-41.8558","Brazil","BR","BRA","Bahia","minor","73524","1076348562"
"Pacajus","Pacajus","-4.1725","-38.4606","Brazil","BR","BRA","Ceará","minor","73188","1076601122"
"Santa Isabel do Pará","Santa Isabel do Para","-1.2989","-48.1608","Brazil","BR","BRA","Pará","minor","73019","1076463384"
"Russas","Russas","-4.9400","-37.9758","Brazil","BR","BRA","Ceará","minor","72928","1076843360"
"Amparo","Amparo","-22.7031","-46.7650","Brazil","BR","BRA","São Paulo","minor","72677","1076656250"
"Rio do Sul","Rio do Sul","-27.2139","-49.6428","Brazil","BR","BRA","Santa Catarina","minor","72587","1076530229"
"Gaspar","Gaspar","-26.9308","-48.9589","Brazil","BR","BRA","Santa Catarina","minor","72570","1076754588"
"Esmeraldas","Esmeraldas","-19.7625","-44.3139","Brazil","BR","BRA","Minas Gerais","minor","72512","1076007995"
"Alegrete","Alegrete","-29.7839","-55.7911","Brazil","BR","BRA","Rio Grande do Sul","minor","72409","1076174745"
"Candeias","Candeias","-12.6678","-38.5508","Brazil","BR","BRA","Bahia","minor","72382","1076438209"
"Araranguá","Ararangua","-28.9350","-49.4858","Brazil","BR","BRA","Santa Catarina","minor","71922","1076532332"
"Goianira","Goianira","-16.4958","-49.4258","Brazil","BR","BRA","Goiás","minor","71916","1076457587"
"Jabuticabal","Jabuticabal","-21.2550","-48.3219","Brazil","BR","BRA","São Paulo","minor","71821","1076368201"
"Castro","Castro","-24.7893","-50.0123","Brazil","BR","BRA","Paraná","minor","71809","1076233349"
"Cajamar","Cajamar","-23.3561","-46.8769","Brazil","BR","BRA","São Paulo","minor","71805","1076369653"
"São Sebastião do Paraíso","Sao Sebastiao do Paraiso","-20.9169","-46.9908","Brazil","BR","BRA","Minas Gerais","minor","71796","1076022954"
"Palmeira dos Índios","Palmeira dos Indios","-9.4069","-36.6278","Brazil","BR","BRA","Alagoas","minor","71574","1076723276"
"Indaial","Indaial","-26.8978","-49.2319","Brazil","BR","BRA","Santa Catarina","minor","71549","1076950422"
"Dias d’Ávila","Dias d'Avila","-12.6128","-38.2969","Brazil","BR","BRA","Bahia","minor","71485","1076290338"
"Campo Formoso","Campo Formoso","-10.5089","-40.3208","Brazil","BR","BRA","Bahia","minor","71377","1076847580"
"Fernandópolis","Fernandopolis","-20.2839","-50.2458","Brazil","BR","BRA","São Paulo","minor","71186","1076205721"
"Goianésia","Goianesia","-15.3175","-49.1175","Brazil","BR","BRA","Goiás","minor","71075","1076636505"
"Bom Jesus da Lapa","Bom Jesus da Lapa","-13.2550","-43.4178","Brazil","BR","BRA","Bahia","minor","65550","1076439517"
"Piripiri","Piripiri","-4.2728","-41.7769","Brazil","BR","BRA","Piauí","minor","65538","1076867493"
"São Bento do Sul","Sao Bento do Sul","-26.2500","-49.3789","Brazil","BR","BRA","Santa Catarina","minor","65437","1076190456"
"São Félix do Xingu","Sao Felix do Xingu","-6.6450","-51.9950","Brazil","BR","BRA","Pará","minor","65418","1076909404"
"Ouricuri","Ouricuri","-7.8828","-40.0819","Brazil","BR","BRA","Pernambuco","minor","65245","1076194030"
"Estância","Estancia","-11.2678","-37.4378","Brazil","BR","BRA","Sergipe","minor","65078","1076069381"
"Itaberaba","Itaberaba","-12.5278","-40.3069","Brazil","BR","BRA","Bahia","minor","65073","1076160849"
"Gurupi","Gurupi","-11.7289","-49.0689","Brazil","BR","BRA","Tocantins","minor","65034","1076649238"
"Igarapé-Miri","Igarape-Miri","-1.9750","-48.9600","Brazil","BR","BRA","Pará","minor","64831","1076517048"
"Itamaraju","Itamaraju","-17.0392","-39.5311","Brazil","BR","BRA","Bahia","minor","64455","1076241282"
"Porto Nacional","Porto Nacional","-10.7078","-48.4169","Brazil","BR","BRA","Tocantins","minor","64418","1076043090"
"Bertioga","Bertioga","-23.8539","-46.1389","Brazil","BR","BRA","São Paulo","minor","64188","1076752421"
"Tupã","Tupa","-21.9350","-50.5139","Brazil","BR","BRA","São Paulo","minor","63928","1076738637"
"Penedo","Penedo","-10.2900","-36.5858","Brazil","BR","BRA","Alagoas","minor","63846","1076906021"
"Capão da Canoa","Capao da Canoa","-29.7608","-50.0300","Brazil","BR","BRA","Rio Grande do Sul","minor","63594","1076749939"
"Benevides","Benevides","-1.3608","-48.2450","Brazil","BR","BRA","Pará","minor","63567","1076726167"
"Mirassol","Mirassol","-20.8189","-49.5208","Brazil","BR","BRA","São Paulo","minor","63337","1076772486"
"Cajazeiras","Cajazeiras","-6.8900","-38.5619","Brazil","BR","BRA","Paraíba","minor","63239","1076367392"
"Batatais","Batatais","-20.8911","-47.5850","Brazil","BR","BRA","São Paulo","minor","62980","1076581214"
"Campo Bom","Campo Bom","-29.6789","-51.0528","Brazil","BR","BRA","Rio Grande do Sul","minor","62886","1076977021"
"Itupeva","Itupeva","-23.1531","-47.0578","Brazil","BR","BRA","São Paulo","minor","62813","1076387390"
"Icó","Ico","-6.4008","-38.8619","Brazil","BR","BRA","Ceará","minor","62521","1076569458"
"Camocim","Camocim","-2.9008","-40.8428","Brazil","BR","BRA","Ceará","minor","62326","1076563942"
"Caràzinho","Carazinho","-28.2839","-52.7864","Brazil","BR","BRA","Rio Grande do Sul","minor","62265","1076906274"
"Camaquã","Camaqua","-30.8528","-51.8153","Brazil","BR","BRA","Rio Grande do Sul","minor","62200","1076449009"
"Boituva","Boituva","-23.2833","-47.6722","Brazil","BR","BRA","São Paulo","minor","62170","1076277699"
"Nova Odessa","Nova Odessa","-22.7797","-47.2962","Brazil","BR","BRA","São Paulo","minor","62019","1076061503"
"Mongaguá","Mongagua","-24.0869","-46.6289","Brazil","BR","BRA","São Paulo","minor","61951","1076393935"
"São Miguel dos Campos","Sao Miguel dos Campos","-9.7811","-36.0936","Brazil","BR","BRA","Alagoas","minor","61797","1076922200"
"Morada Nova","Morada Nova","-5.1067","-38.3725","Brazil","BR","BRA","Ceará","minor","61738","1076522163"
"Santo Amaro","Santo Amaro","-12.5469","-38.7119","Brazil","BR","BRA","Bahia","minor","61702","1076891792"
"Penápolis","Penapolis","-21.4200","-50.0778","Brazil","BR","BRA","São Paulo","minor","61679","1076587749"
"Arcoverde","Arcoverde","-8.4189","-37.0539","Brazil","BR","BRA","Pernambuco","minor","61600","1076499713"
"Euclides da Cunha","Euclides da Cunha","-10.5078","-39.0139","Brazil","BR","BRA","Bahia","minor","61456","1076277178"
"Mariana","Mariana","-20.3783","-43.4165","Brazil","BR","BRA","Minas Gerais","minor","61288","1076411124"
"Salgueiro","Salgueiro","-8.0742","-39.1192","Brazil","BR","BRA","Pernambuco","minor","61249","1076679973"
"Venâncio Aires","Venancio Aires","-29.6058","-52.1919","Brazil","BR","BRA","Rio Grande do Sul","minor","61234","1076887157"
"Barbalha","Barbalha","-7.3111","-39.3042","Brazil","BR","BRA","Ceará","minor","61228","1076490598"
"Maués","Maues","-3.3836","-57.7186","Brazil","BR","BRA","Amazonas","minor","61204","1076490155"
"Aracati","Aracati","-4.5619","-37.7700","Brazil","BR","BRA","Ceará","minor","61187","1076708817"
"Caicó","Caico","-6.4578","-37.0978","Brazil","BR","BRA","Rio Grande do Norte","minor","61146","1076251820"
"Ibitinga","Ibitinga","-21.7578","-48.8289","Brazil","BR","BRA","São Paulo","minor","60600","1076462788"
"Aquiraz","Aquiraz","-3.9008","-38.3908","Brazil","BR","BRA","Ceará","minor","60469","1076523331"
"Floriano","Floriano","-6.7669","-43.0225","Brazil","BR","BRA","Piauí","minor","60025","1076813660"
"São Borja","Sao Borja","-28.6606","-56.0044","Brazil","BR","BRA","Rio Grande do Sul","minor","60019","1076315333"
"Andradina","Andradina","-20.8958","-51.3789","Brazil","BR","BRA","São Paulo","minor","59783","1076417183"
"Viçosa do Ceará","Vicosa do Ceara","-3.5619","-41.0919","Brazil","BR","BRA","Ceará","minor","59712","1076236694"
"Coroatá","Coroata","-4.1300","-44.1239","Brazil","BR","BRA","Maranhão","minor","59566","1076890180"
"Limoeiro do Norte","Limoeiro do Norte","-5.1458","-38.0978","Brazil","BR","BRA","Ceará","minor","59560","1076525292"
"União dos Palmares","Uniao dos Palmares","-9.1628","-36.0319","Brazil","BR","BRA","Alagoas","minor","59280","1076598708"
"Irati","Irati","-25.4669","-50.6508","Brazil","BR","BRA","Paraná","minor","59250","1076276918"
"Cruz Alta","Cruz Alta","-28.6386","-53.6064","Brazil","BR","BRA","Rio Grande do Sul","minor","58913","1076542905"
"Parobé","Parobe","-29.6286","-50.8347","Brazil","BR","BRA","Rio Grande do Sul","minor","58858","1076852725"
"Pedro Leopoldo","Pedro Leopoldo","-19.6181","-44.0431","Brazil","BR","BRA","Minas Gerais","","58740","1076144411"
"Jaguariúna","Jaguariuna","-22.6800","-46.9900","Brazil","BR","BRA","São Paulo","minor","58722","1076822145"
"Viseu","Viseu","-1.1969","-46.1400","Brazil","BR","BRA","Pará","minor","58692","1076429547"
"Alta Floresta","Alta Floresta","-9.8758","-56.0858","Brazil","BR","BRA","Mato Grosso","minor","58613","1076069666"
"Frutal","Frutal","-20.0250","-48.9408","Brazil","BR","BRA","Minas Gerais","minor","58588","1076112857"
"São Gabriel","Sao Gabriel","-30.3358","-54.3200","Brazil","BR","BRA","Rio Grande do Sul","minor","58487","1076674208"
"Trairi","Trairi","-3.2778","-39.2689","Brazil","BR","BRA","Ceará","minor","58415","1076680878"
"São Sebastião","Sao Sebastiao","-23.8040","-45.4051","Brazil","BR","BRA","São Paulo","minor","58038","1076889310"
"Santa Isabel","Santa Isabel","-23.3156","-46.2214","Brazil","BR","BRA","São Paulo","minor","57966","1076338328"
"Taquara","Taquara","-29.6506","-50.7806","Brazil","BR","BRA","Rio Grande do Sul","minor","57584","1076672393"
"Guarabira","Guarabira","-6.8550","-35.4900","Brazil","BR","BRA","Paraíba","minor","57484","1076842460"
"Humaitá","Humaita","-7.5061","-63.0208","Brazil","BR","BRA","Amazonas","minor","57473","1076798064"
"Ponte Nova","Ponte Nova","-20.4164","-42.9086","Brazil","BR","BRA","Minas Gerais","minor","57390","1076567178"
"Bezerros","Bezerros","-8.2333","-35.7500","Brazil","BR","BRA","Pernambuco","minor","57371","1076456541"
"Vacaria","Vacaria","-28.5119","-50.9339","Brazil","BR","BRA","Rio Grande do Sul","minor","57341","1076001152"
"Coruripe","Coruripe","-10.1256","-36.1756","Brazil","BR","BRA","Alagoas","minor","57294","1076998029"
"Içara","Icara","-28.7133","-49.3000","Brazil","BR","BRA","Santa Catarina","minor","57247","1076881795"
"Cascavel","Cascavel","-4.1308","-38.2358","Brazil","BR","BRA","Ceará","minor","57129","1076629714"
"Cachoeiras de Macacu","Cachoeiras de Macacu","-22.4628","-42.6528","Brazil","BR","BRA","Rio de Janeiro","minor","56943","1076367130"
"Ipirá","Ipira","-12.1578","-39.7369","Brazil","BR","BRA","Bahia","minor","56876","1076297000"
"Pirapora","Pirapora","-17.3450","-44.9419","Brazil","BR","BRA","Minas Gerais","minor","56640","1076124834"
"Mafra","Mafra","-26.1114","-49.8053","Brazil","BR","BRA","Santa Catarina","minor","56561","1076971048"
"Limoeiro","Limoeiro","-7.8750","-35.4500","Brazil","BR","BRA","Pernambuco","minor","56510","1076675901"
"Porto Feliz","Porto Feliz","-23.2150","-47.5239","Brazil","BR","BRA","São Paulo","minor","56497","1076231459"
"Rolim de Moura","Rolim de Moura","-11.7254","-61.7778","Brazil","BR","BRA","Rondônia","minor","56406","1076556836"
"Rio Bonito","Rio Bonito","-22.7078","-42.6258","Brazil","BR","BRA","Rio de Janeiro","minor","56276","1076926176"
"Casa Nova","Casa Nova","-9.1619","-40.9708","Brazil","BR","BRA","Bahia","minor","55730","1076947710"
"Videira","Videira","-27.0078","-51.1519","Brazil","BR","BRA","Santa Catarina","minor","55466","1076188514"
"Monte Alegre","Monte Alegre","-2.0078","-54.0689","Brazil","BR","BRA","Pará","minor","55462","1076174262"
"Monte Mor","Monte Mor","-22.9467","-47.3150","Brazil","BR","BRA","São Paulo","minor","55409","1076728241"
"Farroupilha","Farroupilha","-29.2250","-51.3478","Brazil","BR","BRA","Rio Grande do Sul","minor","55308","1076221850"
"Ibiporã","Ibipora","-23.2692","-51.0481","Brazil","BR","BRA","Paraná","minor","55131","1076663417"
"União da Vitória","Uniao da Vitoria","-26.2300","-51.0858","Brazil","BR","BRA","Paraná","minor","55033","1076355618"
"Canoinhas","Canoinhas","-26.1769","-50.3900","Brazil","BR","BRA","Santa Catarina","minor","55016","1076606234"
"Catu","Catu","-12.3531","-38.3789","Brazil","BR","BRA","Bahia","minor","54970","1076222188"
"Macaíba","Macaiba","-5.8578","-35.3539","Brazil","BR","BRA","Rio Grande do Norte","minor","54883","1076176042"
"Piedade","Piedade","-23.7119","-47.4278","Brazil","BR","BRA","São Paulo","minor","54717","1076454821"
"Montenegro","Montenegro","-29.6889","-51.4608","Brazil","BR","BRA","Rio Grande do Sul","minor","54692","1076000662"
"Palmares","Palmares","-8.6828","-35.5919","Brazil","BR","BRA","Pernambuco","minor","54584","1076270377"
"Capitão Poço","Capitao Poco","-1.7464","-47.0594","Brazil","BR","BRA","Pará","minor","54425","1076870027"
"Medianeira","Medianeira","-25.2950","-54.0939","Brazil","BR","BRA","Paraná","minor","54369","1076066608"
"Ribeira do Pombal","Ribeira do Pombal","-10.8339","-38.5358","Brazil","BR","BRA","Bahia","minor","54010","1076251379"
"Manicoré","Manicore","-5.8089","-61.3000","Brazil","BR","BRA","Amazonas","minor","53914","1076657983"
"Registro","Registro","-24.4878","-47.8439","Brazil","BR","BRA","São Paulo","minor","53752","1076533111"
"São Francisco do Sul","Sao Francisco do Sul","-26.2433","-48.6381","Brazil","BR","BRA","Santa Catarina","minor","53746","1076452788"
"Marechal Cândido Rondon","Marechal Candido Rondon","-24.5561","-54.0567","Brazil","BR","BRA","Paraná","minor","53495","1076891164"
"Extrema","Extrema","-22.8550","-46.3178","Brazil","BR","BRA","Minas Gerais","minor","53482","1076000569"
"Tutóia","Tutoia","-2.7619","-42.2739","Brazil","BR","BRA","Maranhão","minor","53356","1076696049"
"Granja","Granja","-3.1200","-40.8258","Brazil","BR","BRA","Ceará","minor","53344","1076052166"
"Inhumas","Inhumas","-16.3578","-49.4961","Brazil","BR","BRA","Goiás","minor","53259","1076130930"
"Capivari","Capivari","-22.9950","-47.5078","Brazil","BR","BRA","São Paulo","minor","53152","1076000098"
"Rondon do Pará","Rondon do Para","-4.7758","-48.0669","Brazil","BR","BRA","Pará","minor","53143","1076892918"
"Beberibe","Beberibe","-4.1800","-38.1308","Brazil","BR","BRA","Ceará","minor","53114","1076290701"
"Itapagé","Itapage","-3.6867","-39.5861","Brazil","BR","BRA","Ceará","minor","53067","1076504181"
"Cruz das Almas","Cruz das Almas","-12.6700","-39.1019","Brazil","BR","BRA","Bahia","minor","53049","1076285577"
"Xinguara","Xinguara","-7.0950","-49.9458","Brazil","BR","BRA","Pará","minor","52893","1076290442"
"Congonhas","Congonhas","-20.5000","-43.8578","Brazil","BR","BRA","Minas Gerais","minor","52890","1076164621"
"Timbaúba","Timbauba","-7.5053","-35.3183","Brazil","BR","BRA","Pernambuco","minor","52802","1076430214"
"São Francisco","Sao Francisco","-15.9489","-44.8639","Brazil","BR","BRA","Minas Gerais","minor","52762","1076643491"
"Lagoa da Prata","Lagoa da Prata","-20.0225","-45.5436","Brazil","BR","BRA","Minas Gerais","minor","52711","1076652644"
"Paracambi","Paracambi","-22.6083","-43.7083","Brazil","BR","BRA","Rio de Janeiro","minor","52683","1076624588"
"Pôrto Ferreira","Porto Ferreira","-21.8539","-47.4789","Brazil","BR","BRA","São Paulo","minor","52649","1076743280"
"Tramandaí","Tramandai","-29.9847","-50.1336","Brazil","BR","BRA","Rio Grande do Sul","minor","52632","1076409044"
"Marechal Deodoro","Marechal Deodoro","-9.7103","-35.8950","Brazil","BR","BRA","Alagoas","minor","52380","1076794934"
"Paraíso do Tocantins","Paraiso do Tocantins","-10.1758","-48.8669","Brazil","BR","BRA","Tocantins","minor","52360","1076928889"
"Campo Belo","Campo Belo","-20.8969","-45.2769","Brazil","BR","BRA","Minas Gerais","minor","52277","1076477943"
"Delmiro Gouveia","Delmiro Gouveia","-9.3886","-37.9992","Brazil","BR","BRA","Alagoas","minor","52262","1076057826"
"Taquaritinga","Taquaritinga","-21.4058","-48.5050","Brazil","BR","BRA","São Paulo","minor","52260","1076141127"
"Óbidos","Obidos","-1.9178","-55.5178","Brazil","BR","BRA","Pará","minor","52229","1076197849"
"Acará","Acara","-1.9608","-48.1969","Brazil","BR","BRA","Pará","minor","52126","1076141011"
"Buíque","Buique","-8.6233","-37.1564","Brazil","BR","BRA","Pernambuco","minor","52097","1076865556"
"Pontes e Lacerda","Pontes e Lacerda","-15.2258","-59.3350","Brazil","BR","BRA","Mato Grosso","minor","52018","1076490162"
"Caetité","Caetite","-14.0689","-42.4750","Brazil","BR","BRA","Bahia","minor","52012","1076209772"
"Tauá","Taua","-6.0028","-40.2928","Brazil","BR","BRA","Ceará","minor","51948","1076613312"
"Santo Antônio do Descoberto","Santo Antonio do Descoberto","-15.9400","-48.2550","Brazil","BR","BRA","Goiás","minor","51897","1076123384"
"São Gabriel da Cachoeira","Sao Gabriel da Cachoeira","-0.1300","-67.0889","Brazil","BR","BRA","Amazonas","minor","51795","1076863074"
"Palmas","Palmas","-26.4842","-51.9906","Brazil","BR","BRA","Paraná","minor","51755","1076528204"
"Bom Despacho","Bom Despacho","-19.7358","-45.2519","Brazil","BR","BRA","Minas Gerais","minor","51737","1076080222"
"Guapimirim","Guapimirim","-22.5369","-42.9819","Brazil","BR","BRA","Rio de Janeiro","minor","51696","1076569522"
"Pacatuba","Pacatuba","-3.9839","-38.6200","Brazil","BR","BRA","Ceará","minor","51696","1076428186"
"Baião","Baiao","-2.7908","-49.6719","Brazil","BR","BRA","Pará","minor","51641","1076566352"
"Xanxerê","Xanxere","-26.8769","-52.4039","Brazil","BR","BRA","Santa Catarina","minor","51607","1076871308"
"Tijucas","Tijucas","-27.2408","-48.6339","Brazil","BR","BRA","Santa Catarina","minor","51592","1076000713"
"Viana","Viana","-3.2200","-45.0039","Brazil","BR","BRA","Maranhão","minor","51442","1076423280"
"Morrinhos","Morrinhos","-17.7319","-49.1008","Brazil","BR","BRA","Goiás","minor","51351","1076391164"
"Sapé","Sape","-7.0950","-35.2328","Brazil","BR","BRA","Paraíba","minor","51306","1076665410"
"Leopoldina","Leopoldina","-21.5319","-42.6428","Brazil","BR","BRA","Minas Gerais","minor","51145","1076352077"
"Barra","Barra","-11.0889","-43.1419","Brazil","BR","BRA","Bahia","minor","51092","1076053089"
"Brejo Santo","Brejo Santo","-7.4928","-38.9850","Brazil","BR","BRA","Ceará","minor","51090","1076816163"
"Três Pontas","Tres Pontas","-21.3669","-45.5128","Brazil","BR","BRA","Minas Gerais","minor","51024","1076017914"
"Guaxupé","Guaxupe","-21.3050","-46.7128","Brazil","BR","BRA","Minas Gerais","minor","50911","1076985230"
"Tobias Barreto","Tobias Barreto","-11.1839","-37.9978","Brazil","BR","BRA","Sergipe","minor","50905","1076875751"
"Juruti","Juruti","-2.1519","-56.0919","Brazil","BR","BRA","Pará","","50881","1076008475"
"Pontal","Pontal","-21.0225","-48.0372","Brazil","BR","BRA","São Paulo","minor","50852","1076651635"
"Campos do Jordão","Campos do Jordao","-22.7394","-45.5914","Brazil","BR","BRA","São Paulo","minor","50852","1076353308"
"Vigia","Vigia","-0.8578","-48.1419","Brazil","BR","BRA","Pará","minor","50832","1076728432"
"Quirinópolis","Quirinopolis","-18.4483","-50.4517","Brazil","BR","BRA","Goiás","minor","50701","1076793896"
"Estância Velha","Estancia Velha","-29.6483","-51.1739","Brazil","BR","BRA","Rio Grande do Sul","minor","50672","1076521402"
"Jaru","Jaru","-10.4389","-62.4664","Brazil","BR","BRA","Rondônia","minor","50591","1076089235"
"Naviraí","Navirai","-23.0650","-54.1908","Brazil","BR","BRA","Mato Grosso do Sul","minor","50457","1076724628"
"Cabreúva","Cabreuva","-23.3075","-47.1331","Brazil","BR","BRA","São Paulo","minor","50429","1076162837"
"Boa Viagem","Boa Viagem","-5.1278","-39.7319","Brazil","BR","BRA","Ceará","minor","50411","1076584216"
"Artur Nogueira","Artur Nogueira","-22.5731","-47.1725","Brazil","BR","BRA","São Paulo","minor","50246","1076283170"
"Itararé","Itarare","-24.1125","-49.3317","Brazil","BR","BRA","São Paulo","minor","50105","1076167358"
"São José do Rio Pardo","Sao Jose do Rio Pardo","-21.5958","-46.8889","Brazil","BR","BRA","São Paulo","minor","50077","1076381687"
"Louveira","Louveira","-23.0864","-46.9506","Brazil","BR","BRA","São Paulo","minor","49993","1076393293"
"Cerquilho Velho","Cerquilho Velho","-23.1650","-47.7436","Brazil","BR","BRA","São Paulo","minor","49802","1076117670"
"Canguçu","Cangucu","-31.3950","-52.6758","Brazil","BR","BRA","Rio Grande do Sul","minor","49680","1076710867"
"Itupiranga","Itupiranga","-5.1350","-49.3269","Brazil","BR","BRA","Pará","minor","49655","1076086545"
"Coelho Neto","Coelho Neto","-4.2567","-43.0128","Brazil","BR","BRA","Maranhão","minor","49621","1076316612"
"Monte Alto","Monte Alto","-21.2611","-48.4964","Brazil","BR","BRA","São Paulo","minor","49456","1076603114"
"Prudentópolis","Prudentopolis","-25.2128","-50.9778","Brazil","BR","BRA","Paraná","minor","49393","1076128798"
"Santiago","Santiago","-29.1917","-54.8672","Brazil","BR","BRA","Rio Grande do Sul","minor","49360","1076821990"
"Moreno","Moreno","-8.1186","-35.0922","Brazil","BR","BRA","Pernambuco","minor","49205","1076066897"
"Acaraú","Acarau","-2.8858","-40.1200","Brazil","BR","BRA","Ceará","minor","48968","1076016462"
"Jales","Jales","-20.2689","-50.5458","Brazil","BR","BRA","São Paulo","minor","48776","1076132660"
"Tucano","Tucano","-10.9628","-38.7869","Brazil","BR","BRA","Bahia","minor","48736","1076227914"
"São Joaquim da Barra","Sao Joaquim da Barra","-20.5808","-47.8550","Brazil","BR","BRA","São Paulo","minor","48558","1076321926"
"Pedreira","Pedreira","-22.7419","-46.9014","Brazil","BR","BRA","São Paulo","minor","48463","1076000574"
"Bocaiúva","Bocaiuva","-17.1078","-43.8150","Brazil","BR","BRA","Minas Gerais","minor","48032","1076639320"
"Aquidauana","Aquidauana","-20.4711","-55.7872","Brazil","BR","BRA","Mato Grosso do Sul","minor","48029","1076120417"
"Barras","Barras","-4.2469","-42.2958","Brazil","BR","BRA","Piauí","minor","47938","1076766658"
"Açu","Acu","-5.5769","-36.9089","Brazil","BR","BRA","Rio Grande do Norte","minor","47904","1076000524"
"Monte Santo","Monte Santo","-10.4378","-39.3328","Brazil","BR","BRA","Bahia","minor","47780","1076713120"
"Tremembé","Tremembe","-22.9583","-45.5494","Brazil","BR","BRA","São Paulo","minor","47714","1076329982"
"Diamantina","Diamantina","-18.2489","-43.6000","Brazil","BR","BRA","Minas Gerais","minor","47702","1076865092"
"Queimadas","Queimadas","-7.3578","-35.8978","Brazil","BR","BRA","Paraíba","minor","47658","1076576289"
"São Benedito","Sao Benedito","-4.0489","-40.8650","Brazil","BR","BRA","Ceará","minor","47640","1076599736"
"Araci","Araci","-11.3328","-38.9669","Brazil","BR","BRA","Bahia","minor","47584","1076885835"
"Altos","Altos","-5.0389","-42.4608","Brazil","BR","BRA","Piauí","minor","47453","1076874326"
"São José de Mipibu","Sao Jose de Mipibu","-6.0750","-35.2378","Brazil","BR","BRA","Rio Grande do Norte","minor","47286","1076063132"
"Tomé-Açu","Tome-Acu","-2.4189","-48.1519","Brazil","BR","BRA","Pará","minor","47273","1076866918"
"Vinhedo","Vinhedo","-23.0300","-46.9750","Brazil","BR","BRA","São Paulo","minor","47215","1076383405"
"Sidrolândia","Sidrolandia","-20.9319","-54.9608","Brazil","BR","BRA","Mato Grosso do Sul","minor","47118","1076992570"
"Capão Bonito","Capao Bonito","-24.0058","-48.3494","Brazil","BR","BRA","São Paulo","minor","47118","1076334908"
"Dracena","Dracena","-21.4825","-51.5328","Brazil","BR","BRA","São Paulo","minor","47043","1076313481"
"Campo Maior","Campo Maior","-4.8278","-42.1686","Brazil","BR","BRA","Piauí","minor","46893","1076002814"
"Poções","Pocoes","-14.5297","-40.3653","Brazil","BR","BRA","Bahia","minor","46879","1076994566"
"João Pinheiro","Joao Pinheiro","-17.7442","-46.1739","Brazil","BR","BRA","Minas Gerais","minor","46801","1076899445"
"Araioses","Araioses","-2.8900","-41.9031","Brazil","BR","BRA","Maranhão","minor","46771","1076312210"
"Guaramirim","Guaramirim","-26.4728","-49.0028","Brazil","BR","BRA","Santa Catarina","minor","46711","1076561116"
"Santa Cruz do Rio Pardo","Santa Cruz do Rio Pardo","-22.8989","-49.6328","Brazil","BR","BRA","São Paulo","minor","46442","1076453060"
"Santana do Ipanema","Santana do Ipanema","-9.3778","-37.2450","Brazil","BR","BRA","Alagoas","minor","46220","1076732680"
"Seabra","Seabra","-12.4189","-41.7700","Brazil","BR","BRA","Bahia","minor","46160","1076253764"
"União","Uniao","-4.5858","-42.8639","Brazil","BR","BRA","Piauí","minor","46119","1076941290"
"Casimiro de Abreu","Casimiro de Abreu","-22.4808","-42.2039","Brazil","BR","BRA","Rio de Janeiro","minor","46110","1076781474"
"Mairinque","Mairinque","-23.5464","-47.1836","Brazil","BR","BRA","São Paulo","minor","46015","1076990000"
"Olímpia","Olimpia","-20.7369","-48.9150","Brazil","BR","BRA","São Paulo","minor","46013","1076866347"
"Jaguaquara","Jaguaquara","-13.5308","-39.9708","Brazil","BR","BRA","Bahia","minor","45964","1076420862"
"Paraguaçu Paulista","Paraguacu Paulista","-22.4197","-50.5797","Brazil","BR","BRA","São Paulo","minor","45945","1076783045"
"Campo Novo do Parecis","Campo Novo do Parecis","-13.6750","-57.8919","Brazil","BR","BRA","Mato Grosso","minor","45899","1076003526"
"Juína","Juina","-11.3778","-58.7408","Brazil","BR","BRA","Mato Grosso","minor","45869","1076002602"
"Igarapé","Igarape","-20.0700","-44.3019","Brazil","BR","BRA","Minas Gerais","minor","45847","1076387530"
"Porangatu","Porangatu","-13.4408","-49.1486","Brazil","BR","BRA","Goiás","minor","45633","1076806104"
"Mauriti","Mauriti","-7.3889","-38.7739","Brazil","BR","BRA","Ceará","minor","45561","1076467166"
"Canela","Canela","-29.3562","-50.8136","Brazil","BR","BRA","Rio Grande do Sul","minor","45488","1076049094"
"Lábrea","Labrea","-7.2589","-64.7978","Brazil","BR","BRA","Amazonas","minor","45448","1076619739"
"São Bento do Una","Sao Bento do Una","-8.5228","-36.4439","Brazil","BR","BRA","Pernambuco","minor","45360","1076263399"
"Jaraguá","Jaragua","-15.7569","-49.3339","Brazil","BR","BRA","Goiás","minor","45223","1076016135"
"Cornélio Procópio","Cornelio Procopio","-23.1808","-50.6469","Brazil","BR","BRA","Paraná","minor","45206","1076363529"
"Presidente Dutra","Presidente Dutra","-5.2900","-44.4900","Brazil","BR","BRA","Maranhão","minor","45155","1076660845"
"Pau d’Alho","Pau d'Alho","-7.8969","-35.1800","Brazil","BR","BRA","Pernambuco","minor","45138","1076432442"
"Maracaju","Maracaju","-21.6139","-55.1678","Brazil","BR","BRA","Mato Grosso do Sul","minor","45047","1076548335"
"Caeté","Caete","-19.8800","-43.6697","Brazil","BR","BRA","Minas Gerais","minor","45047","1076979149"
"Lapa","Lapa","-25.7700","-49.7158","Brazil","BR","BRA","Paraná","minor","45003","1076904800"
"Timbó","Timbo","-26.8233","-49.2717","Brazil","BR","BRA","Santa Catarina","minor","44977","1076339334"
"Acopiara","Acopiara","-6.0950","-39.4528","Brazil","BR","BRA","Ceará","minor","44962","1076661571"
"Pederneiras","Pederneiras","-22.3517","-48.7750","Brazil","BR","BRA","São Paulo","minor","44910","1076724688"
"Dois Vizinhos","Dois Vizinhos","-25.7500","-53.0569","Brazil","BR","BRA","Paraná","minor","44869","1076157751"
"Santana do Paraíso","Santana do Paraiso","-19.3639","-42.5689","Brazil","BR","BRA","Minas Gerais","minor","44800","1076433913"
"São Lourenço","Sao Lourenco","-22.1158","-45.0539","Brazil","BR","BRA","Minas Gerais","minor","44798","1076261938"
"Xique-Xique","Xique-Xique","-10.8229","-42.7281","Brazil","BR","BRA","Bahia","minor","44757","1076763009"
"Itaberaí","Itaberai","-16.0200","-49.8100","Brazil","BR","BRA","Goiás","minor","44734","1076044452"
"Conceição do Araguaia","Conceicao do Araguaia","-8.2578","-49.2650","Brazil","BR","BRA","Pará","minor","44617","1076224782"
"Mamanguape","Mamanguape","-6.8389","-35.1258","Brazil","BR","BRA","Paraíba","minor","44599","1076012570"
"Augusto Correa","Augusto Correa","-1.0219","-46.6450","Brazil","BR","BRA","Pará","minor","44573","1076227930"
"Garça","Garca","-22.2153","-49.6511","Brazil","BR","BRA","São Paulo","minor","44532","1076270928"
"São Sebastião do Passé","Sao Sebastiao do Passe","-12.5125","-38.4953","Brazil","BR","BRA","Bahia","minor","44430","1076114287"
"Santo Antônio da Platina","Santo Antonio da Platina","-23.2950","-50.0769","Brazil","BR","BRA","Paraná","minor","44369","1076118147"
"São Miguel d’Oeste","Sao Miguel d'Oeste","-26.7250","-53.5178","Brazil","BR","BRA","Santa Catarina","minor","44330","1076717099"
"Rio Grande da Serra","Rio Grande da Serra","-23.7439","-46.3978","Brazil","BR","BRA","São Paulo","minor","44170","1076473006"
"Serrana","Serrana","-21.2108","-47.5958","Brazil","BR","BRA","São Paulo","minor","43909","1076988581"
"Monte Carmelo","Monte Carmelo","-18.7250","-47.4989","Brazil","BR","BRA","Minas Gerais","minor","43899","1076821086"
"Salto de Pirapora","Salto de Pirapora","-23.6489","-47.5728","Brazil","BR","BRA","São Paulo","minor","43748","1076664356"
"Uruará","Uruara","-3.7178","-53.7369","Brazil","BR","BRA","Pará","minor","43558","1076931265"
"Presidente Epitácio","Presidente Epitacio","-21.7633","-52.1156","Brazil","BR","BRA","São Paulo","minor","43535","1076557618"
"Panambi","Panambi","-28.2928","-53.5019","Brazil","BR","BRA","Rio Grande do Sul","minor","43515","1076541369"
"Vargem Grande","Vargem Grande","-3.5428","-43.9158","Brazil","BR","BRA","Maranhão","minor","43261","1076198686"
"Vargem Grande do Sul","Vargem Grande do Sul","-21.8322","-46.8936","Brazil","BR","BRA","São Paulo","minor","43110","1076083512"
"Nova Venécia","Nova Venecia","-18.7108","-40.4008","Brazil","BR","BRA","Espírito Santo","minor","43015","1076770793"
"Laguna","Laguna","-28.4828","-48.7808","Brazil","BR","BRA","Santa Catarina","minor","42785","1076025747"
"Itapecuru Mirim","Itapecuru Mirim","-3.3928","-44.3589","Brazil","BR","BRA","Maranhão","minor","42772","1076422017"
"Barreiros","Barreiros","-8.8183","-35.1864","Brazil","BR","BRA","Pernambuco","minor","42764","1076661261"
"Orlândia","Orlandia","-20.7203","-47.8867","Brazil","BR","BRA","São Paulo","minor","42678","1076690245"
"Simão Dias","Simao Dias","-10.7378","-37.8108","Brazil","BR","BRA","Sergipe","minor","42578","1076449666"
"Mata de São João","Mata de Sao Joao","-12.5300","-38.2989","Brazil","BR","BRA","Bahia","minor","42566","1076397945"
"José de Freitas","Jose de Freitas","-4.7558","-42.5758","Brazil","BR","BRA","Piauí","minor","42559","1076802708"
"Uruaçu","Uruacu","-14.5250","-49.1408","Brazil","BR","BRA","Goiás","minor","42546","1076588964"
"Santos Dumont","Santos Dumont","-21.4567","-43.5525","Brazil","BR","BRA","Minas Gerais","minor","42406","1076371672"
"Amontada","Amontada","-3.3608","-39.8308","Brazil","BR","BRA","Ceará","minor","42156","1076240159"
"Bom Conselho","Bom Conselho","-9.1700","-36.6800","Brazil","BR","BRA","Pernambuco","minor","42085","1076382698"
"Paraíba do Sul","Paraiba do Sul","-22.1619","-43.2928","Brazil","BR","BRA","Rio de Janeiro","minor","42063","1076715765"
"Guaratuba","Guaratuba","-25.8828","-48.5750","Brazil","BR","BRA","Paraná","minor","42062","1076880478"
"Guaraciaba do Norte","Guaraciaba do Norte","-4.1669","-40.7478","Brazil","BR","BRA","Ceará","minor","42053","1076780410"
"São Lourenço do Sul","Sao Lourenco do Sul","-31.3650","-51.9778","Brazil","BR","BRA","Rio Grande do Sul","minor","41989","1076758883"
"Marataízes","Marataizes","-21.0428","-40.8239","Brazil","BR","BRA","Espírito Santo","minor","41929","1076042074"
"Macaúbas","Macaubas","-13.0189","-42.6989","Brazil","BR","BRA","Bahia","minor","41859","1076955429"
"Marialva","Marialva","-23.4850","-51.7919","Brazil","BR","BRA","Paraná","minor","41851","1076544129"
"Jardinópolis","Jardinopolis","-21.0178","-47.7639","Brazil","BR","BRA","São Paulo","minor","41799","1076497660"
"Paiçandu","Paicandu","-23.4575","-52.0486","Brazil","BR","BRA","Paraná","minor","41773","1076005300"
"Tôrres","Torres","-29.3350","-49.7269","Brazil","BR","BRA","Rio Grande do Sul","minor","41751","1076421011"
"Salinas","Salinas","-15.4000","-43.1667","Brazil","BR","BRA","Minas Gerais","","41699","1076570604"
"Santa Helena","Santa Helena","-2.2308","-45.3000","Brazil","BR","BRA","Maranhão","minor","41561","1076790462"
"Águas Belas","Aguas Belas","-9.1167","-37.1167","Brazil","BR","BRA","Pernambuco","minor","41548","1076330876"
"Barra dos Coqueiros","Barra dos Coqueiros","-10.9089","-37.0389","Brazil","BR","BRA","Sergipe","minor","41511","1076773193"
"São Miguel do Guamá","Sao Miguel do Guama","-1.6269","-47.4828","Brazil","BR","BRA","Pará","minor","41366","1076315330"
"Santo Antônio de Pádua","Santo Antonio de Padua","-21.5389","-42.1800","Brazil","BR","BRA","Rio de Janeiro","minor","41325","1076879205"
"Mangaratiba","Mangaratiba","-22.9600","-44.0408","Brazil","BR","BRA","Rio de Janeiro","minor","41220","1076292553"
"Santo Estêvão","Santo Estevao","-12.4300","-39.2508","Brazil","BR","BRA","Bahia","minor","41145","1076902466"
"Toritama","Toritama","-8.0067","-36.0567","Brazil","BR","BRA","Pernambuco","minor","41137","1076597056"
"Esperantina","Esperantina","-3.9019","-42.2339","Brazil","BR","BRA","Piauí","minor","40970","1076676231"
"Paranaíba","Paranaiba","-19.6769","-51.1908","Brazil","BR","BRA","Mato Grosso do Sul","minor","40957","1076355277"
"Salinópolis","Salinopolis","-0.6136","-47.3561","Brazil","BR","BRA","Pará","minor","40922","1076811443"
"Muaná","Muana","-1.5283","-49.2167","Brazil","BR","BRA","Pará","minor","40906","1076581165"
"Promissão","Promissao","-21.5369","-49.8583","Brazil","BR","BRA","São Paulo","minor","40828","1076199684"
"Currais Novos","Currais Novos","-6.2608","-36.5150","Brazil","BR","BRA","Rio Grande do Norte","minor","40791","1076200389"
"Ipiaú","Ipiau","-14.1369","-39.7339","Brazil","BR","BRA","Bahia","minor","40706","1076023933"
"Itabaianinha","Itabaianinha","-11.2739","-37.7900","Brazil","BR","BRA","Sergipe","minor","40678","1076633750"
"Nanuque","Nanuque","-17.8392","-40.3539","Brazil","BR","BRA","Minas Gerais","minor","40665","1076083471"
"Santa Rita do Sapucaí","Santa Rita do Sapucai","-22.2519","-45.7028","Brazil","BR","BRA","Minas Gerais","minor","40635","1076403381"
"Pôrto de Moz","Porto de Moz","-1.7478","-52.2378","Brazil","BR","BRA","Pará","minor","40597","1076963542"
"Remanso","Remanso","-9.6219","-42.0808","Brazil","BR","BRA","Bahia","minor","40586","1076051035"
"Santa Maria da Boa Vista","Santa Maria da Boa Vista","-8.8089","-39.8250","Brazil","BR","BRA","Pernambuco","minor","40578","1076034588"
"Guariba","Guariba","-21.3600","-48.2283","Brazil","BR","BRA","São Paulo","minor","40487","1076624279"
"Almenara","Almenara","-16.1833","-40.7000","Brazil","BR","BRA","Minas Gerais","minor","40364","1076953924"
"Autazes","Autazes","-3.5797","-59.1306","Brazil","BR","BRA","Amazonas","minor","40290","1076415677"
"Afogados da Ingazeira","Afogados da Ingazeira","-7.7508","-37.6342","Brazil","BR","BRA","Pernambuco","minor","40241","1076271045"
"Boa Esperança","Boa Esperanca","-21.0900","-45.5658","Brazil","BR","BRA","Minas Gerais","minor","40219","1076371124"
"Pedra Branca","Pedra Branca","-5.4539","-39.7169","Brazil","BR","BRA","Ceará","minor","40187","1076190370"
"Santa Quitéria","Santa Quiteria","-4.3319","-40.1569","Brazil","BR","BRA","Ceará","minor","40183","1076565535"
"Salinas","Salinas","-16.1185","-42.1740","Brazil","BR","BRA","Minas Gerais","minor","40178","1076633358"
"Gramado","Gramado","-29.3789","-50.8739","Brazil","BR","BRA","Rio Grande do Sul","minor","40134","1076167286"
"Socorro","Socorro","-22.5908","-46.5289","Brazil","BR","BRA","São Paulo","minor","40122","1076716761"
"Curitibanos","Curitibanos","-27.2828","-50.5839","Brazil","BR","BRA","Santa Catarina","minor","40045","1076198267"
"Armação dos Búzios","Armacao dos Buzios","-22.7469","-41.8819","Brazil","BR","BRA","Rio de Janeiro","minor","40006","1076574611"
"Pinhal","Pinhal","-22.1908","-46.7408","Brazil","BR","BRA","São Paulo","minor","39816","1076552956"
"Barreirinhas","Barreirinhas","-2.7469","-42.8258","Brazil","BR","BRA","Maranhão","minor","39669","1076060419"
"Tucumã","Tucuma","-6.7519","-51.1539","Brazil","BR","BRA","Pará","minor","39550","1076697803"
"São Gonçalo dos Campos","Sao Goncalo dos Campos","-12.4328","-38.9669","Brazil","BR","BRA","Bahia","minor","39513","1076071963"
"Nova Viçosa","Nova Vicosa","-17.8919","-39.3719","Brazil","BR","BRA","Bahia","minor","39509","1076116919"
"Itápolis","Itapolis","-21.5958","-48.8128","Brazil","BR","BRA","São Paulo","minor","39493","1076174719"
"Presidente Venceslau","Presidente Venceslau","-21.8761","-51.8439","Brazil","BR","BRA","São Paulo","minor","39407","1076627824"
"Amambaí","Amambai","-23.1039","-55.2258","Brazil","BR","BRA","Mato Grosso do Sul","minor","39325","1076013576"
"Jacarèzinho","Jacarezinho","-23.1606","-49.9694","Brazil","BR","BRA","Paraná","minor","39322","1076955757"
"Oliveira","Oliveira","-20.6958","-44.8269","Brazil","BR","BRA","Minas Gerais","minor","39262","1076723364"
"Matinhos","Matinhos","-25.8178","-48.5428","Brazil","BR","BRA","Paraná","minor","39259","1076832060"
"Visconde do Rio Branco","Visconde do Rio Branco","-21.0103","-42.8406","Brazil","BR","BRA","Minas Gerais","minor","39160","1076854756"
"Mineiros","Mineiros","-17.5689","-52.5508","Brazil","BR","BRA","Goiás","minor","39024","1076000916"
"Várzea Alegre","Varzea Alegre","-6.7889","-39.2958","Brazil","BR","BRA","Ceará","minor","38984","1076418638"
"São Raimundo Nonato","Sao Raimundo Nonato","-9.0150","-42.6989","Brazil","BR","BRA","Piauí","minor","38934","1076608833"
"Brumadinho","Brumadinho","-20.1428","-44.2000","Brazil","BR","BRA","Minas Gerais","minor","38915","1076272564"
"São Mateus do Maranhão","Sao Mateus do Maranhao","-4.0400","-44.4700","Brazil","BR","BRA","Maranhão","minor","38829","1076550429"
"Santa Helena de Goiás","Santa Helena de Goias","-17.8136","-50.5969","Brazil","BR","BRA","Goiás","minor","38808","1076150197"
"Campina Grande do Sul","Campina Grande do Sul","-25.3056","-49.0553","Brazil","BR","BRA","Paraná","minor","38769","1076807751"
"São Francisco do Conde","Sao Francisco do Conde","-12.6278","-38.6800","Brazil","BR","BRA","Bahia","minor","38733","1076969118"
"Penalva","Penalva","-3.2942","-45.1736","Brazil","BR","BRA","Maranhão","minor","38731","1076744863"
"Ouro Branco","Ouro Branco","-20.5208","-43.6919","Brazil","BR","BRA","Minas Gerais","minor","38724","1076485763"
"Santa Maria da Vitória","Santa Maria da Vitoria","-13.3978","-44.1978","Brazil","BR","BRA","Bahia","minor","38604","1076607443"
"Rosário","Rosario","-2.9339","-44.2350","Brazil","BR","BRA","Maranhão","minor","38475","1076804900"
"Itaitinga","Itaitinga","-3.9694","-38.5281","Brazil","BR","BRA","Ceará","minor","38325","1076730632"
"Novo Horizonte","Novo Horizonte","-21.4678","-49.2208","Brazil","BR","BRA","São Paulo","minor","38324","1076842025"
"Iturama","Iturama","-19.7278","-50.1958","Brazil","BR","BRA","Minas Gerais","minor","38295","1076049375"
"Pitangueiras","Pitangueiras","-21.0094","-48.2217","Brazil","BR","BRA","São Paulo","minor","38211","1076000181"
"Américo Brasiliense","Americo Brasiliense","-21.7361","-48.1114","Brazil","BR","BRA","São Paulo","minor","38202","1076027153"
"Oeiras","Oeiras","-7.0250","-42.1308","Brazil","BR","BRA","Piauí","minor","38161","1076220246"
"Matozinhos","Matozinhos","-19.5578","-44.0814","Brazil","BR","BRA","Minas Gerais","minor","38151","1076626899"
"Brejo da Madre de Deus","Brejo da Madre de Deus","-8.1458","-36.3708","Brazil","BR","BRA","Pernambuco","minor","38109","1076440699"
"Entre Rios","Entre Rios","-11.9419","-38.0839","Brazil","BR","BRA","Bahia","minor","38098","1076914935"
"Guajará-Mirim","Guajara-Mirim","-10.7828","-65.3394","Brazil","BR","BRA","Rondônia","minor","38045","1076692558"
"Portel","Portel","-1.9358","-50.8208","Brazil","BR","BRA","Pará","minor","38043","1076977846"
"Livramento de Nossa Senhora","Livramento de Nossa Senhora","-13.6428","-41.8408","Brazil","BR","BRA","Bahia","minor","38025","1076781145"
"Itabirito","Itabirito","-20.2528","-43.8008","Brazil","BR","BRA","Minas Gerais","minor","37901","1076709831"
"Pedro II","Pedro II","-4.4338","-41.4534","Brazil","BR","BRA","Piauí","minor","37894","1076812228"
"Mateus Leme","Mateus Leme","-19.9858","-44.4278","Brazil","BR","BRA","Minas Gerais","minor","37841","1076446394"
"Santaluz","Santaluz","-11.2558","-39.3750","Brazil","BR","BRA","Bahia","minor","37834","1076830828"
"Pentecoste","Pentecoste","-3.7928","-39.2700","Brazil","BR","BRA","Ceará","minor","37813","1076355140"
"Afuá","Afua","-0.1569","-50.3869","Brazil","BR","BRA","Pará","minor","37765","1076124321"
"Mombaça","Mombaca","-5.7428","-39.6278","Brazil","BR","BRA","Ceará","minor","37735","1076957950"
"Jacundá","Jacunda","-4.4508","-49.1158","Brazil","BR","BRA","Pará","minor","37707","1076998765"
"Rio Negrinho","Rio Negrinho","-26.2539","-49.5178","Brazil","BR","BRA","Santa Catarina","minor","37707","1076110694"
"Custódia","Custodia","-8.0875","-37.6431","Brazil","BR","BRA","Pernambuco","minor","37699","1076621453"
"Massapê","Massape","-3.5228","-40.3428","Brazil","BR","BRA","Ceará","minor","37697","1076000173"
"Machado","Machado","-21.6750","-45.9200","Brazil","BR","BRA","Minas Gerais","minor","37684","1076495117"
"Tietê","Tiete","-23.1019","-47.7150","Brazil","BR","BRA","São Paulo","minor","37663","1076154000"
"Benjamin Constant","Benjamin Constant","-4.3755","-70.0318","Brazil","BR","BRA","Amazonas","minor","37648","1076933556"
"Bom Jardim","Bom Jardim","-7.7958","-35.5869","Brazil","BR","BRA","Pernambuco","minor","37629","1076905890"
"Jeremoabo","Jeremoabo","-10.0669","-38.3500","Brazil","BR","BRA","Bahia","minor","37626","1076509996"
"Rio Brilhante","Rio Brilhante","-21.8019","-54.5458","Brazil","BR","BRA","Mato Grosso do Sul","minor","37601","1076414627"
"Barra de São Francisco","Barra de Sao Francisco","-18.7550","-40.8908","Brazil","BR","BRA","Espírito Santo","minor","37597","1076442914"
"Sirinhaém","Sirinhaem","-8.5908","-35.1158","Brazil","BR","BRA","Pernambuco","minor","37596","1076674219"
"Rio Branco do Sul","Rio Branco do Sul","-25.1900","-49.3139","Brazil","BR","BRA","Paraná","minor","37558","1076759925"
"Atalaia","Atalaia","-9.5019","-36.0228","Brazil","BR","BRA","Alagoas","minor","37512","1076630141"
"Turiaçu","Turiacu","-1.6628","-45.3719","Brazil","BR","BRA","Maranhão","minor","37491","1076381653"
"Itaqui","Itaqui","-29.1253","-56.5531","Brazil","BR","BRA","Rio Grande do Sul","minor","37489","1076882439"
"Bonito","Bonito","-8.4700","-35.7289","Brazil","BR","BRA","Pernambuco","minor","37474","1076501019"
"Cansanção","Cansancao","-10.6708","-39.4978","Brazil","BR","BRA","Bahia","minor","37439","1076743191"
"Porteirinha","Porteirinha","-15.7428","-43.0278","Brazil","BR","BRA","Minas Gerais","minor","37438","1076606467"
"Agudos","Agudos","-22.4739","-48.9836","Brazil","BR","BRA","São Paulo","minor","37401","1076000779"
"Santa Cruz","Santa Cruz","-6.2289","-36.0228","Brazil","BR","BRA","Rio Grande do Norte","minor","37313","1076706078"
"São Manuel","Sao Manuel","-22.7308","-48.5708","Brazil","BR","BRA","São Paulo","minor","37289","1076604538"
"São Caitano","Sao Caitano","-8.3258","-36.1428","Brazil","BR","BRA","Pernambuco","minor","37126","1076560936"
"Pedreiras","Pedreiras","-4.5739","-44.5969","Brazil","BR","BRA","Maranhão","","37050","1076527878"
"Santana","Santana","-3.1439","-44.3258","Brazil","BR","BRA","Maranhão","minor","37035","1076174477"
"Santo Antônio","Santo Antonio","-29.8178","-50.5200","Brazil","BR","BRA","Rio Grande do Sul","minor","37035","1076978577"
"Dom Pedrito","Dom Pedrito","-30.9828","-54.6728","Brazil","BR","BRA","Rio Grande do Sul","minor","36981","1076917608"
"Campos Novos","Campos Novos","-27.4019","-51.2250","Brazil","BR","BRA","Santa Catarina","minor","36932","1076882483"
"Sarzedo","Sarzedo","-20.0350","-44.1450","Brazil","BR","BRA","Minas Gerais","minor","36844","1076922080"
"Missão Velha","Missao Velha","-7.2500","-39.1428","Brazil","BR","BRA","Ceará","minor","36822","1076844582"
"Ipueiras","Ipueiras","-4.5419","-40.7189","Brazil","BR","BRA","Ceará","minor","36798","1076672763"
"São Fidélis","Sao Fidelis","-21.6458","-41.7469","Brazil","BR","BRA","Rio de Janeiro","minor","36789","1076411461"
"Mandaguari","Mandaguari","-23.5225","-51.6788","Brazil","BR","BRA","Paraná","minor","36716","1076000964"
"José Bonifácio","Jose Bonifacio","-21.0528","-49.6878","Brazil","BR","BRA","São Paulo","minor","36633","1076809600"
"Rosário do Sul","Rosario do Sul","-30.2578","-54.9139","Brazil","BR","BRA","Rio Grande do Sul","minor","36630","1076900712"
"São João da Barra","Sao Joao da Barra","-21.6400","-41.0508","Brazil","BR","BRA","Rio de Janeiro","minor","36573","1076887451"
"São Mateus do Sul","Sao Mateus do Sul","-25.8739","-50.3828","Brazil","BR","BRA","Paraná","minor","36569","1076883402"
"Barra do Choça","Barra do Choca","-14.8808","-40.5789","Brazil","BR","BRA","Bahia","minor","36539","1076410831"
"Barra Bonita","Barra Bonita","-22.4947","-48.5581","Brazil","BR","BRA","São Paulo","minor","36321","1076780548"
"Tuntum","Tuntum","-5.2578","-44.6489","Brazil","BR","BRA","Maranhão","minor","36251","1076818343"
"Aparecida","Aparecida","-22.8469","-45.2297","Brazil","BR","BRA","São Paulo","minor","36185","1076806368"
"Osório","Osorio","-29.8869","-50.2700","Brazil","BR","BRA","Rio Grande do Sul","minor","36131","1076367566"
"Girau do Ponciano","Girau do Ponciano","-9.8839","-36.8289","Brazil","BR","BRA","Alagoas","minor","36102","1076704674"
"Piuí","Piui","-20.4650","-45.9578","Brazil","BR","BRA","Minas Gerais","minor","36062","1076338261"
"Maragogipe","Maragogipe","-12.7778","-38.9189","Brazil","BR","BRA","Bahia","minor","35859","1076474180"
"Colinas","Colinas","-6.0258","-44.2489","Brazil","BR","BRA","Maranhão","minor","35803","1076657010"
"Igarapé-Açu","Igarape-Acu","-1.1269","-47.6178","Brazil","BR","BRA","Pará","minor","35797","1076684764"
"Aliança","Alianca","-7.6028","-35.2308","Brazil","BR","BRA","Pernambuco","minor","35741","1076773543"
"Imbituba","Imbituba","-28.2400","-48.6700","Brazil","BR","BRA","Santa Catarina","minor","35700","1076391605"
"Iporá","Ipora","-16.4419","-51.1178","Brazil","BR","BRA","Goiás","minor","35684","1076392298"
"São Gonçalo do Amarante","Sao Goncalo do Amarante","-3.6058","-38.9689","Brazil","BR","BRA","Ceará","minor","35608","1076511240"
"Bariri","Bariri","-22.0744","-48.7403","Brazil","BR","BRA","São Paulo","minor","35558","1076167446"
"Bôca do Acre","Boca do Acre","-8.7519","-67.3978","Brazil","BR","BRA","Amazonas","minor","35447","1076558816"
"Feijó","Feijo","-8.1639","-70.3539","Brazil","BR","BRA","Acre","minor","35426","1076695082"
"Camamu","Camamu","-13.9450","-39.1039","Brazil","BR","BRA","Bahia","minor","35382","1076215451"
"Pilar","Pilar","-9.5972","-35.9567","Brazil","BR","BRA","Alagoas","minor","35370","1076033888"
"Rio Real","Rio Real","-11.4833","-37.9344","Brazil","BR","BRA","Bahia","minor","35362","1076770840"
"Pilão Arcado","Pilao Arcado","-10.0018","-42.4830","Brazil","BR","BRA","Bahia","","35357","1076876998"
"Conceição de Jacuípe","Conceicao de Jacuipe","-12.3269","-38.7650","Brazil","BR","BRA","Bahia","minor","35308","1076309231"
"Barra do Bugres","Barra do Bugres","-15.0725","-57.1811","Brazil","BR","BRA","Mato Grosso","minor","35307","1076717726"
"Baturité","Baturite","-4.3289","-38.8850","Brazil","BR","BRA","Ceará","minor","35218","1076144455"
"Bom Jesus do Itabapoana","Bom Jesus do Itabapoana","-21.1339","-41.6797","Brazil","BR","BRA","Rio de Janeiro","minor","35173","1076034658"
"Jaguariaíva","Jaguariaiva","-24.2508","-49.7058","Brazil","BR","BRA","Paraná","minor","35141","1076322206"
"Adamantina","Adamantina","-21.6847","-51.0733","Brazil","BR","BRA","São Paulo","minor","35111","1076252044"
"Confresa","Confresa","-10.6439","-51.5689","Brazil","BR","BRA","Mato Grosso","minor","35075","1076002744"
"Ouro Preto d’Oeste","Ouro Preto d'Oeste","-10.7481","-62.2158","Brazil","BR","BRA","Rondônia","minor","35044","1076571637"
"Charqueadas","Charqueadas","-29.9550","-51.6250","Brazil","BR","BRA","Rio Grande do Sul","minor","35012","1076933382"
"Palotina","Palotina","-24.2839","-53.8400","Brazil","BR","BRA","Paraná","minor","35011","1076516410"
"Prado","Prado","-17.3408","-39.2208","Brazil","BR","BRA","Bahia","minor","35003","1076433537"
"Padre Bernardo","Padre Bernardo","-15.1600","-48.2839","Brazil","BR","BRA","Goiás","minor","34967","1076653841"
"Niquelândia","Niquelandia","-14.4739","-48.4600","Brazil","BR","BRA","Goiás","minor","34964","1076682103"
"També","Tambe","-7.4100","-35.1128","Brazil","BR","BRA","Pernambuco","minor","34935","1076207007"
"Ilhabela","Ilhabela","-23.7778","-45.3578","Brazil","BR","BRA","São Paulo","minor","34934","1076323267"
"Posse","Posse","-14.0928","-46.3689","Brazil","BR","BRA","Goiás","minor","34914","1076046646"
"Juara","Juara","-11.2550","-57.5200","Brazil","BR","BRA","Mato Grosso","minor","34906","1076002851"
"Aguaí","Aguai","-22.0603","-46.9736","Brazil","BR","BRA","São Paulo","minor","34863","1076299565"
"São José do Belmonte","Sao Jose do Belmonte","-7.8608","-38.7600","Brazil","BR","BRA","Pernambuco","minor","34843","1076639958"
"Santa Fé do Sul","Santa Fe do Sul","-20.2108","-50.9258","Brazil","BR","BRA","São Paulo","minor","34794","1076177037"
"São Luís Gonzaga","Sao Luis Gonzaga","-28.4078","-54.9608","Brazil","BR","BRA","Rio Grande do Sul","minor","34752","1076320357"
"Rio Pardo","Rio Pardo","-29.9900","-52.3778","Brazil","BR","BRA","Rio Grande do Sul","minor","34654","1076675236"
"Guaíra","Guaira","-20.3178","-48.3108","Brazil","BR","BRA","São Paulo","minor","34610","1076361005"
"Bodocó","Bodoco","-7.7778","-39.9408","Brazil","BR","BRA","Pernambuco","minor","34478","1076358937"
"Bela Vista de Goiás","Bela Vista de Goias","-16.9728","-48.9528","Brazil","BR","BRA","Goiás","minor","34445","1076686680"
"Itaporanga d’Ajuda","Itaporanga d'Ajuda","-10.9978","-37.3108","Brazil","BR","BRA","Sergipe","minor","34411","1076537619"
"São Joaquim de Bicas","Sao Joaquim de Bicas","-20.0489","-44.2739","Brazil","BR","BRA","Minas Gerais","minor","34348","1076293816"
"Garibaldi","Garibaldi","-29.2558","-51.5339","Brazil","BR","BRA","Rio Grande do Sul","minor","34335","1076481816"
"Araçuaí","Aracuai","-16.8500","-42.0700","Brazil","BR","BRA","Minas Gerais","minor","34297","1076501078"
"São Pedro","Sao Pedro","-22.5486","-47.9139","Brazil","BR","BRA","São Paulo","minor","34284","1076401713"
"Almeirim","Almeirim","-1.5228","-52.5819","Brazil","BR","BRA","Pará","minor","34280","1076655786"
"Nova Cruz","Nova Cruz","-6.4778","-35.4339","Brazil","BR","BRA","Rio Grande do Norte","minor","34269","1076169350"
"São Desidério","Sao Desiderio","-12.3633","-44.9733","Brazil","BR","BRA","Bahia","minor","34266","1076278126"
"Colinas do Tocantins","Colinas do Tocantins","-8.0589","-48.4750","Brazil","BR","BRA","Tocantins","minor","34233","1076519835"
"São Sebastião","Sao Sebastiao","-9.9336","-36.5542","Brazil","BR","BRA","Alagoas","minor","34211","1076306142"
"Curaçá","Curaca","-8.9919","-39.9078","Brazil","BR","BRA","Bahia","minor","34180","1076762736"
"Apodi","Apodi","-5.6639","-37.7989","Brazil","BR","BRA","Rio Grande do Norte","minor","34174","1076092856"
"Brejo","Brejo","-3.6839","-42.7500","Brazil","BR","BRA","Maranhão","minor","34120","1076010144"
"Cristalina","Cristalina","-16.7689","-47.6139","Brazil","BR","BRA","Goiás","minor","34116","1076014539"
"Cravinhos","Cravinhos","-21.3403","-47.7294","Brazil","BR","BRA","São Paulo","minor","34110","1076465069"
"São Domingos do Maranhão","Sao Domingos do Maranhao","-5.5758","-44.3850","Brazil","BR","BRA","Maranhão","minor","34034","1076192320"
"Vassouras","Vassouras","-22.4039","-43.6628","Brazil","BR","BRA","Rio de Janeiro","minor","33976","1076049981"
"Curralinho","Curralinho","-1.8139","-49.7950","Brazil","BR","BRA","Pará","minor","33903","1076735826"
"Itiúba","Itiuba","-10.6908","-39.8528","Brazil","BR","BRA","Bahia","minor","33872","1076953529"
"Palmeira","Palmeira","-25.4289","-50.0058","Brazil","BR","BRA","Paraná","minor","33855","1076227836"
"São Luís de Montes Belos","Sao Luis de Montes Belos","-16.5250","-50.3719","Brazil","BR","BRA","Goiás","minor","33852","1076530689"
"Oeiras do Pará","Oeiras do Para","-2.0028","-49.8539","Brazil","BR","BRA","Pará","minor","33844","1076592894"
"Inhambupe","Inhambupe","-11.7839","-38.3528","Brazil","BR","BRA","Bahia","minor","33790","1076169385"
"Braço do Norte","Braco do Norte","-28.2750","-49.1658","Brazil","BR","BRA","Santa Catarina","minor","33773","1076735238"
"Várzea da Palma","Varzea da Palma","-17.5978","-44.7308","Brazil","BR","BRA","Minas Gerais","minor","33744","1076481562"
"Jaguaribe","Jaguaribe","-5.8908","-38.6219","Brazil","BR","BRA","Ceará","minor","33726","1076039425"
"Penha","Penha","-26.7689","-48.6458","Brazil","BR","BRA","Santa Catarina","minor","33663","1076551669"
"Morro do Chapéu","Morro do Chapeu","-11.5500","-41.1570","Brazil","BR","BRA","Bahia","minor","33594","1076567926"
"Pitanga","Pitanga","-24.7569","-51.7608","Brazil","BR","BRA","Paraná","minor","33567","1076485533"
"Ribeirão","Ribeirao","-8.5139","-35.3778","Brazil","BR","BRA","Pernambuco","minor","33507","1076626596"
"Fraiburgo","Fraiburgo","-27.0258","-50.9208","Brazil","BR","BRA","Santa Catarina","minor","33481","1076662614"
"Coxim","Coxim","-18.5067","-54.7600","Brazil","BR","BRA","Mato Grosso do Sul","minor","33459","1076196665"
"Poço Redondo","Poco Redondo","-9.8058","-37.6850","Brazil","BR","BRA","Sergipe","minor","33439","1076471819"
"Monteiro","Monteiro","-7.8894","-37.1200","Brazil","BR","BRA","Paraíba","minor","33433","1076669282"
"Riachão do Jacuípe","Riachao do Jacuipe","-11.8100","-39.3819","Brazil","BR","BRA","Bahia","minor","33386","1076945082"
"Iperó","Ipero","-23.3503","-47.6886","Brazil","BR","BRA","São Paulo","minor","33367","1076747973"
"Estreito","Estreito","-6.5608","-47.4508","Brazil","BR","BRA","Maranhão","minor","33294","1076867067"
"João Câmara","Joao Camara","-5.5378","-35.8200","Brazil","BR","BRA","Rio Grande do Norte","minor","33290","1076573306"
"Capim Grosso","Capim Grosso","-11.3808","-40.0128","Brazil","BR","BRA","Bahia","minor","33235","1076073401"
"Eirunepé","Eirunepe","-6.6597","-69.8744","Brazil","BR","BRA","Amazonas","minor","33170","1076884388"
"Palmeira das Missões","Palmeira das Missoes","-27.8994","-53.3136","Brazil","BR","BRA","Rio Grande do Sul","minor","33131","1076243689"
"Taiobeiras","Taiobeiras","-15.8078","-42.2328","Brazil","BR","BRA","Minas Gerais","minor","33050","1076685590"
"Touros","Touros","-5.1989","-35.4608","Brazil","BR","BRA","Rio Grande do Norte","minor","33035","1076875720"
"Osvaldo Cruz","Osvaldo Cruz","-21.7967","-50.8786","Brazil","BR","BRA","São Paulo","minor","33000","1076438430"
"Pôrto União","Porto Uniao","-26.2378","-51.0778","Brazil","BR","BRA","Santa Catarina","minor","32970","1076057988"
"Andradas","Andradas","-22.0678","-46.5689","Brazil","BR","BRA","Minas Gerais","minor","32968","1076414147"
"São Paulo de Olivença","Sao Paulo de Olivenca","-3.4500","-68.9500","Brazil","BR","BRA","Amazonas","minor","32967","1076704300"
"Itamarandiba","Itamarandiba","-17.8569","-42.8589","Brazil","BR","BRA","Minas Gerais","minor","32948","1076820842"
"Biritiba-Mirim","Biritiba-Mirim","-23.5728","-46.0389","Brazil","BR","BRA","São Paulo","minor","32936","1076510731"
"Urbano Santos","Urbano Santos","-3.2078","-43.4039","Brazil","BR","BRA","Maranhão","minor","32812","1076959663"
"Sertânia","Sertania","-8.0706","-37.2658","Brazil","BR","BRA","Pernambuco","minor","32811","1076986072"
"Igrejinha","Igrejinha","-29.5739","-50.7900","Brazil","BR","BRA","Rio Grande do Sul","minor","32808","1076637934"
"Teutônia","Teutonia","-29.4478","-51.8058","Brazil","BR","BRA","Rio Grande do Sul","minor","32797","1076130983"
"Bela Cruz","Bela Cruz","-3.0508","-40.1678","Brazil","BR","BRA","Ceará","minor","32775","1076116893"
"Ubajara","Ubajara","-3.8544","-40.9211","Brazil","BR","BRA","Ceará","minor","32767","1076215653"
"Castelo","Castelo","-20.6039","-41.1850","Brazil","BR","BRA","Espírito Santo","minor","32756","1076313406"
"Ivaiporã","Ivaipora","-24.2478","-51.6850","Brazil","BR","BRA","Paraná","minor","32720","1076889382"
"Jaguarari","Jaguarari","-10.2600","-40.1958","Brazil","BR","BRA","Bahia","minor","32703","1076470682"
"Arcos","Arcos","-20.2914","-45.5397","Brazil","BR","BRA","Minas Gerais","minor","32687","1076650376"
"São João Batista","Sao Joao Batista","-27.2758","-48.8489","Brazil","BR","BRA","Santa Catarina","minor","32687","1076000370"
"Vargem Grande Paulista","Vargem Grande Paulista","-23.6028","-47.0258","Brazil","BR","BRA","São Paulo","minor","32683","1076840914"
"Itaíba","Itaiba","-8.9478","-37.4228","Brazil","BR","BRA","Pernambuco","minor","32650","1076158935"
"Frederico Westphalen","Frederico Westphalen","-27.3589","-53.3939","Brazil","BR","BRA","Rio Grande do Sul","minor","32627","1076744210"
"Caçapava do Sul","Cacapava do Sul","-30.5119","-53.4908","Brazil","BR","BRA","Rio Grande do Sul","minor","32515","1076550820"
"Pombal","Pombal","-6.7700","-37.8019","Brazil","BR","BRA","Paraíba","minor","32473","1076681392"
"Ourilândia do Norte","Ourilandia do Norte","-6.7550","-51.0839","Brazil","BR","BRA","Pará","minor","32467","1076846265"
"Pires do Rio","Pires do Rio","-17.3008","-48.2800","Brazil","BR","BRA","Goiás","minor","32373","1076357135"
"Guararapes","Guararapes","-21.2608","-50.6428","Brazil","BR","BRA","São Paulo","minor","32346","1076646816"
"Iranduba","Iranduba","-3.2850","-60.1886","Brazil","BR","BRA","Amazonas","minor","32303","1076838918"
"Cachoeira Paulista","Cachoeira Paulista","-22.6650","-45.0094","Brazil","BR","BRA","São Paulo","minor","32294","1076563996"
"Guanhães","Guanhaes","-18.7750","-42.9328","Brazil","BR","BRA","Minas Gerais","minor","32244","1076235295"
"São Bento","Sao Bento","-6.4858","-37.4508","Brazil","BR","BRA","Paraíba","minor","32235","1076842336"
"Laranjeiras do Sul","Laranjeiras do Sul","-25.4078","-52.4158","Brazil","BR","BRA","Paraná","minor","32227","1076918166"
"Paraipaba","Paraipaba","-3.4389","-39.1478","Brazil","BR","BRA","Ceará","minor","32216","1076816341"
"Lajedo","Lajedo","-8.6639","-36.3200","Brazil","BR","BRA","Pernambuco","minor","32209","1076183844"
"Estrêla","Estrela","-29.5019","-51.9658","Brazil","BR","BRA","Rio Grande do Sul","minor","32183","1076456706"
"Gandu","Gandu","-13.7439","-39.4869","Brazil","BR","BRA","Bahia","minor","32178","1076167274"
"Ibaté","Ibate","-21.9550","-47.9969","Brazil","BR","BRA","São Paulo","minor","32178","1076395966"
"Matões","Matoes","-5.5189","-43.1989","Brazil","BR","BRA","Maranhão","minor","32174","1076560860"
"Maragogi","Maragogi","-9.0122","-35.2225","Brazil","BR","BRA","Alagoas","minor","32174","1076984582"
"Catende","Catende","-8.6669","-35.7169","Brazil","BR","BRA","Pernambuco","minor","32156","1076237989"
"Miguel Alves","Miguel Alves","-4.1658","-42.8950","Brazil","BR","BRA","Piauí","minor","32150","1076086416"
"Pojuca","Pojuca","-12.3500","-38.3333","Brazil","BR","BRA","Bahia","","32129","1076704575"
"Campo Alegre","Campo Alegre","-9.7819","-36.3508","Brazil","BR","BRA","Alagoas","minor","32106","1076386570"
"Guaíra","Guaira","-24.0800","-54.2558","Brazil","BR","BRA","Paraná","minor","32097","1076687981"
"Ouro Fino","Ouro Fino","-22.2828","-46.3689","Brazil","BR","BRA","Minas Gerais","minor","32094","1076007504"
"São Miguel Arcanjo","Sao Miguel Arcanjo","-23.8778","-47.9969","Brazil","BR","BRA","São Paulo","minor","32039","1076595585"
"Brasília de Minas","Brasilia de Minas","-16.2078","-44.4289","Brazil","BR","BRA","Minas Gerais","minor","32025","1076970617"
"Nísia Floresta","Nisia Floresta","-6.0908","-35.2089","Brazil","BR","BRA","Rio Grande do Norte","minor","31942","1076637133"
"Nerópolis","Neropolis","-16.4058","-49.2189","Brazil","BR","BRA","Goiás","minor","31932","1076444185"
"Santo Antônio do Tauá","Santo Antonio do Taua","-1.1519","-48.1294","Brazil","BR","BRA","Pará","minor","31918","1076012870"
"Araguatins","Araguatins","-5.6508","-48.1239","Brazil","BR","BRA","Tocantins","minor","31918","1076919490"
"Xaxim","Xaxim","-26.9619","-52.5350","Brazil","BR","BRA","Santa Catarina","minor","31918","1076578728"
"Palmeiras de Goiás","Palmeiras de Goias","-16.8050","-49.9258","Brazil","BR","BRA","Goiás","minor","31858","1076618499"
"Exu","Exu","-7.5133","-39.7239","Brazil","BR","BRA","Pernambuco","minor","31843","1076979284"
"São Gotardo","Sao Gotardo","-19.3111","-46.0489","Brazil","BR","BRA","Minas Gerais","minor","31819","1076795698"
"São Bento","Sao Bento","-2.6958","-44.8208","Brazil","BR","BRA","Maranhão","minor","31819","1076246119"
"Descalvado","Descalvado","-21.9039","-47.6189","Brazil","BR","BRA","São Paulo","minor","31756","1076021755"
"Pimenta Bueno","Pimenta Bueno","-11.6725","-61.1936","Brazil","BR","BRA","Rondônia","minor","31752","1076267246"
"Jaguaruana","Jaguaruana","-4.8339","-37.7808","Brazil","BR","BRA","Ceará","minor","31701","1076906413"
"Itapicuru","Itapicuru","-11.3169","-38.2328","Brazil","BR","BRA","Bahia","minor","31679","1076288432"
"Capela","Capela","-10.5028","-37.0528","Brazil","BR","BRA","Sergipe","minor","31645","1076554382"
"Morro Agudo","Morro Agudo","-20.7314","-48.0578","Brazil","BR","BRA","São Paulo","minor","31620","1076136085"
"Cururupu","Cururupu","-1.8278","-44.8678","Brazil","BR","BRA","Maranhão","minor","31558","1076284280"
"Mandaguaçu","Mandaguacu","-23.3469","-52.0950","Brazil","BR","BRA","Paraná","minor","31457","1076000965"
"Parambu","Parambu","-6.2108","-40.6939","Brazil","BR","BRA","Ceará","minor","31445","1076966523"
"Forquilhinha","Forquilhinha","-28.7469","-49.4719","Brazil","BR","BRA","Santa Catarina","minor","31431","1076176111"
"Colíder","Colider","-10.8128","-55.4550","Brazil","BR","BRA","Mato Grosso","minor","31370","1076780919"
"Cândido Mota","Candido Mota","-22.7464","-50.3869","Brazil","BR","BRA","São Paulo","minor","31346","1076335584"
"Rio das Pedras","Rio das Pedras","-22.8428","-47.6058","Brazil","BR","BRA","São Paulo","minor","31328","1076199521"
"Rio Negro","Rio Negro","-26.1058","-49.7978","Brazil","BR","BRA","Paraná","minor","31324","1076653242"
"Araçoiaba da Serra","Aracoiaba da Serra","-23.5053","-47.6142","Brazil","BR","BRA","São Paulo","minor","31321","1076732508"
"Amarante do Maranhão","Amarante do Maranhao","-5.5669","-46.7419","Brazil","BR","BRA","Maranhão","minor","31292","1076306284"
"Bandeirantes","Bandeirantes","-23.1100","-50.3678","Brazil","BR","BRA","Paraná","minor","31273","1076892563"
"Parnarama","Parnarama","-5.6819","-43.0928","Brazil","BR","BRA","Maranhão","minor","31250","1076586563"
"Carangola","Carangola","-20.7328","-42.0289","Brazil","BR","BRA","Minas Gerais","minor","31240","1076047833"
"Capelinha","Capelinha","-17.6908","-42.5158","Brazil","BR","BRA","Minas Gerais","minor","31231","1076950734"
"Esperança","Esperanca","-7.0333","-35.8500","Brazil","BR","BRA","Paraíba","minor","31231","1076765835"
"Barrinha","Barrinha","-21.1936","-48.1639","Brazil","BR","BRA","São Paulo","minor","31230","1076492454"
"Poconé","Pocone","-16.2569","-56.6228","Brazil","BR","BRA","Mato Grosso","minor","31217","1076449216"
"Itaperuçu","Itaperucu","-25.2212","-49.3458","Brazil","BR","BRA","Paraná","minor","31217","1076522601"
"Goiatuba","Goiatuba","-18.0128","-49.3569","Brazil","BR","BRA","Goiás","minor","31130","1076079439"
"Amargosa","Amargosa","-13.0300","-39.6050","Brazil","BR","BRA","Bahia","minor","31108","1076608607"
"Tanguá","Tangua","-22.7300","-42.7139","Brazil","BR","BRA","Rio de Janeiro","minor","31086","1076102758"
"Pompeu","Pompeu","-19.2239","-44.9350","Brazil","BR","BRA","Minas Gerais","minor","31047","1076507348"
"São José do Egito","Sao Jose do Egito","-7.4733","-37.2744","Brazil","BR","BRA","Pernambuco","minor","31004","1076085111"
"Iguape","Iguape","-24.7081","-47.5553","Brazil","BR","BRA","São Paulo","minor","30989","1076144584"
"Arraial do Cabo","Arraial do Cabo","-22.9658","-42.0278","Brazil","BR","BRA","Rio de Janeiro","minor","30986","1076235224"
"Santa Vitória do Palmar","Santa Vitoria do Palmar","-33.5189","-53.3678","Brazil","BR","BRA","Rio Grande do Sul","","30983","1076114405"
"Irituia","Irituia","-1.7689","-47.4389","Brazil","BR","BRA","Pará","minor","30955","1076738567"
"Itatiaia","Itatiaia","-22.4914","-44.5592","Brazil","BR","BRA","Rio de Janeiro","minor","30908","1076077667"
"Cícero Dantas","Cicero Dantas","-10.6000","-38.3828","Brazil","BR","BRA","Bahia","minor","30907","1076276017"
"Canavieiras","Canavieiras","-15.6750","-38.9472","Brazil","BR","BRA","Bahia","minor","30906","1076258532"
"Flores da Cunha","Flores da Cunha","-29.0289","-51.1819","Brazil","BR","BRA","Rio Grande do Sul","minor","30892","1076774323"
"São Luís do Quitunde","Sao Luis do Quitunde","-9.3178","-35.5608","Brazil","BR","BRA","Alagoas","minor","30873","1076776614"
"Careiro da Várzea","Careiro da Varzea","-3.1970","-59.8267","Brazil","BR","BRA","Amazonas","minor","30846","1076363917"
"Vitória do Mearim","Vitoria do Mearim","-3.4619","-44.8708","Brazil","BR","BRA","Maranhão","minor","30805","1076499667"
"Lavras da Mangabeira","Lavras da Mangabeira","-6.7528","-38.9719","Brazil","BR","BRA","Ceará","minor","30802","1076000532"
"Careiro","Careiro","-3.7678","-60.3689","Brazil","BR","BRA","Amazonas","minor","30792","1076439783"
"Barão de Cocais","Barao de Cocais","-19.9458","-43.4869","Brazil","BR","BRA","Minas Gerais","minor","30778","1076326274"
"Além Paraíba","Alem Paraiba","-21.8878","-42.7039","Brazil","BR","BRA","Minas Gerais","minor","30717","1076955526"
"Juatuba","Juatuba","-19.9519","-44.3428","Brazil","BR","BRA","Minas Gerais","minor","30716","1076016491"
"Riacho de Santana","Riacho de Santana","-13.6089","-42.9389","Brazil","BR","BRA","Bahia","minor","30711","1076808220"
"Dois Irmãos","Dois Irmaos","-29.5800","-51.0850","Brazil","BR","BRA","Rio Grande do Sul","minor","30709","1076193510"
"Nova Russas","Nova Russas","-4.7000","-40.5667","Brazil","BR","BRA","Ceará","minor","30699","1076574955"
"Campo Alegre de Lourdes","Campo Alegre de Lourdes","-9.5158","-43.0108","Brazil","BR","BRA","Bahia","minor","30671","1076811887"
"Presidente Figueiredo","Presidente Figueiredo","-2.0172","-60.0250","Brazil","BR","BRA","Amazonas","minor","30668","1076857891"
"Catolé do Rocha","Catole do Rocha","-6.3439","-37.7469","Brazil","BR","BRA","Paraíba","minor","30661","1076149254"
"Tabuleiro do Norte","Tabuleiro do Norte","-5.2481","-38.1300","Brazil","BR","BRA","Ceará","minor","30652","1076771180"
"Nazaré da Mata","Nazare da Mata","-7.7419","-35.2278","Brazil","BR","BRA","Pernambuco","minor","30648","1076588542"
"Juquitiba","Juquitiba","-23.9319","-47.0686","Brazil","BR","BRA","São Paulo","minor","30642","1076231410"
"Luís Correia","Luis Correia","-2.8789","-41.6669","Brazil","BR","BRA","Piauí","minor","30641","1076761860"
"Santana do Acaraú","Santana do Acarau","-3.4608","-40.2119","Brazil","BR","BRA","Ceará","minor","30628","1076356639"
"Jarinu","Jarinu","-23.1014","-46.7283","Brazil","BR","BRA","São Paulo","minor","30617","1076915802"
"Carapó","Carapo","-22.6339","-54.8219","Brazil","BR","BRA","Mato Grosso do Sul","minor","30612","1076883647"
"São José da Tapera","Sao Jose da Tapera","-9.5578","-37.3808","Brazil","BR","BRA","Alagoas","minor","30604","1076222428"
"Capim","Capim","-1.6750","-47.7750","Brazil","BR","BRA","Pará","minor","30599","1076189438"
"Correntina","Correntina","-13.3428","-44.6369","Brazil","BR","BRA","Bahia","minor","30583","1076400445"
"Domingos Martins","Domingos Martins","-20.3628","-40.6589","Brazil","BR","BRA","Espírito Santo","minor","30559","1076223781"
"Pau dos Ferros","Pau dos Ferros","-6.1108","-38.2089","Brazil","BR","BRA","Rio Grande do Norte","minor","30479","1076579928"
"Santa Bárbara","Santa Barbara","-19.9589","-43.4150","Brazil","BR","BRA","Minas Gerais","minor","30466","1076509484"
"Afonso Cláudio","Afonso Claudio","-20.0739","-41.1239","Brazil","BR","BRA","Espírito Santo","minor","30455","1076232395"
"Espinosa","Espinosa","-14.9081","-42.8103","Brazil","BR","BRA","Minas Gerais","minor","30443","1076000498"
"Pontal do Paraná","Pontal do Parana","-25.5768","-48.3581","Brazil","BR","BRA","Paraná","minor","30425","1076438304"
"Itarema","Itarema","-2.9200","-39.9150","Brazil","BR","BRA","Ceará","minor","30347","1076296454"
"Trindade","Trindade","-7.7619","-40.2678","Brazil","BR","BRA","Pernambuco","minor","30321","1076703158"
"Cabrobó","Cabrobo","-8.5119","-39.3069","Brazil","BR","BRA","Pernambuco","minor","30294","1076270461"
"Cláudio","Claudio","-20.4428","-44.7658","Brazil","BR","BRA","Minas Gerais","minor","30159","1076820271"
"Joaçaba","Joacaba","-27.1778","-51.5050","Brazil","BR","BRA","Santa Catarina","minor","30146","1076899882"
"Soledade","Soledade","-28.8178","-52.5100","Brazil","BR","BRA","Rio Grande do Sul","minor","29991","1076105389"
"Sombrio","Sombrio","-29.1039","-49.6289","Brazil","BR","BRA","Santa Catarina","","29991","1076557999"
"Anchieta","Anchieta","-20.8056","-40.6444","Brazil","BR","BRA","Espírito Santo","minor","29984","1076302227"
"Garopaba","Garopaba","-28.0228","-48.6128","Brazil","BR","BRA","Santa Catarina","minor","29959","1076202178"
"Imbituva","Imbituva","-25.2300","-50.6044","Brazil","BR","BRA","Paraná","minor","29924","1076855265"
"Serra Negra","Serra Negra","-22.6119","-46.7008","Brazil","BR","BRA","São Paulo","minor","29894","1076394760"
"Pinhão","Pinhao","-25.6958","-51.6600","Brazil","BR","BRA","Paraná","minor","29886","1076271089"
"Cruz","Cruz","-2.9178","-40.1719","Brazil","BR","BRA","Ceará","minor","29761","1076550734"
"Vera Cruz","Vera Cruz","-12.9600","-38.6089","Brazil","BR","BRA","Bahia","minor","29750","1076136150"
"Igarapava","Igarapava","-20.0383","-47.7469","Brazil","BR","BRA","São Paulo","minor","29727","1076928991"
"Buriti","Buriti","-3.9419","-42.9250","Brazil","BR","BRA","Maranhão","minor","29685","1076275793"
"Canguaretama","Canguaretama","-6.3800","-35.1289","Brazil","BR","BRA","Rio Grande do Norte","minor","29668","1076516835"
"Piraju","Piraju","-23.1936","-49.3839","Brazil","BR","BRA","São Paulo","minor","29664","1076217227"
"Pedras de Fogo","Pedras de Fogo","-7.4019","-35.1158","Brazil","BR","BRA","Paraíba","minor","29662","1076970130"
"Pati do Alferes","Pati do Alferes","-22.4289","-43.4189","Brazil","BR","BRA","Rio de Janeiro","minor","29619","1076839400"
"Limoeiro do Ajuru","Limoeiro do Ajuru","-1.8950","-49.3808","Brazil","BR","BRA","Pará","minor","29569","1076973089"
"Paraty","Paraty","-23.2194","-44.7147","Brazil","BR","BRA","Rio de Janeiro","minor","29544","1076616643"
"Cambuí","Cambui","-22.6119","-46.0578","Brazil","BR","BRA","Minas Gerais","minor","29536","1076056119"
"Arari","Arari","-3.4539","-44.7800","Brazil","BR","BRA","Maranhão","minor","29472","1076577900"
"Bujaru","Bujaru","-1.5150","-48.0447","Brazil","BR","BRA","Pará","minor","29427","1076411520"
"Sena Madureira","Sena Madureira","-9.0658","-68.6569","Brazil","BR","BRA","Acre","minor","29420","1076899075"
"Glória do Goitá","Gloria do Goita","-7.9992","-35.2911","Brazil","BR","BRA","Pernambuco","minor","29347","1076540889"
"Paratinga","Paratinga","-12.6908","-43.1839","Brazil","BR","BRA","Bahia","minor","29252","1076218209"
"Cachoeira","Cachoeira","-12.6178","-38.9558","Brazil","BR","BRA","Bahia","minor","29250","1076370546"
"Santa Cruz Cabrália","Santa Cruz Cabralia","-16.2778","-39.0250","Brazil","BR","BRA","Bahia","minor","29185","1076118882"
"Alegre","Alegre","-20.7639","-41.5328","Brazil","BR","BRA","Espírito Santo","minor","29177","1076514864"
"Irará","Irara","-12.0500","-38.7667","Brazil","BR","BRA","Bahia","minor","29173","1076945010"
"São Miguel do Iguaçu","Sao Miguel do Iguacu","-25.3478","-54.2378","Brazil","BR","BRA","Paraná","minor","29122","1076475965"
"Paripiranga","Paripiranga","-10.6875","-37.8617","Brazil","BR","BRA","Bahia","minor","29058","1076083044"
"Mirandópolis","Mirandopolis","-21.1336","-51.1017","Brazil","BR","BRA","São Paulo","minor","29043","1076193094"
"Carmo do Paranaíba","Carmo do Paranaiba","-19.0008","-46.3158","Brazil","BR","BRA","Minas Gerais","minor","29011","1076039872"
"Ipubi","Ipubi","-7.6519","-40.1489","Brazil","BR","BRA","Pernambuco","minor","29009","1076834456"
"Limoeiro de Anadia","Limoeiro de Anadia","-9.7406","-36.5028","Brazil","BR","BRA","Alagoas","minor","28953","1076445956"
"Humberto de Campos","Humberto de Campos","-2.5983","-43.4611","Brazil","BR","BRA","Maranhão","minor","28932","1076571149"
"Candelária","Candelaria","-29.6689","-52.7889","Brazil","BR","BRA","Rio Grande do Sul","minor","28906","1076542930"
"Três Marias","Tres Marias","-18.2058","-45.2419","Brazil","BR","BRA","Minas Gerais","minor","28895","1076622551"
"Coromandel","Coromandel","-18.4728","-47.2000","Brazil","BR","BRA","Minas Gerais","minor","28894","1076143235"
"Carinhanha","Carinhanha","-14.3050","-43.7650","Brazil","BR","BRA","Bahia","minor","28869","1076985743"
"Santa Cruz das Palmeiras","Santa Cruz das Palmeiras","-21.8269","-47.2489","Brazil","BR","BRA","São Paulo","minor","28864","1076200565"
"Piracuruca","Piracuruca","-3.9278","-41.7089","Brazil","BR","BRA","Piauí","minor","28846","1076504082"
"Ibaiti","Ibaiti","-23.8489","-50.1878","Brazil","BR","BRA","Paraná","minor","28830","1076065226"
"Caetés","Caetes","-8.7728","-36.6228","Brazil","BR","BRA","Pernambuco","minor","28827","1076875758"
"Carauari","Carauari","-4.8828","-66.8958","Brazil","BR","BRA","Amazonas","minor","28742","1076358416"
"Muritiba","Muritiba","-12.6258","-38.9900","Brazil","BR","BRA","Bahia","minor","28707","1076695612"
"Borba","Borba","-4.3878","-59.5939","Brazil","BR","BRA","Amazonas","minor","28619","1076143096"
"Bom Jesus","Bom Jesus","-4.4200","-46.7650","Brazil","BR","BRA","Maranhão","minor","28599","1076538984"
"Tracuateua","Tracuateua","-1.0719","-46.8969","Brazil","BR","BRA","Pará","minor","28595","1076920936"
"Iúna","Iuna","-20.3458","-41.5358","Brazil","BR","BRA","Espírito Santo","minor","28590","1076149444"
"Rancharia","Rancharia","-22.2289","-50.8928","Brazil","BR","BRA","São Paulo","minor","28588","1076007180"
"Jaciara","Jaciara","-15.9650","-54.9678","Brazil","BR","BRA","Mato Grosso","minor","28569","1076001392"
"Cajati","Cajati","-24.7361","-48.1228","Brazil","BR","BRA","São Paulo","minor","28494","1076157800"
"Goio-Erê","Goio-Ere","-24.1850","-53.0278","Brazil","BR","BRA","Paraná","minor","28437","1076469014"
"Conceição das Alagoas","Conceicao das Alagoas","-19.9150","-48.3878","Brazil","BR","BRA","Minas Gerais","minor","28381","1076552026"
"Marau","Marau","-28.4489","-52.2000","Brazil","BR","BRA","Rio Grande do Sul","minor","28361","1076572640"
"Guararema","Guararema","-23.4150","-46.0350","Brazil","BR","BRA","São Paulo","minor","28344","1076938810"
"Prata","Prata","-19.3069","-48.9239","Brazil","BR","BRA","Minas Gerais","minor","28342","1076234734"
"Passira","Passira","-7.9950","-35.5808","Brazil","BR","BRA","Pernambuco","minor","28340","1076482392"
"Ruy Barbosa","Ruy Barbosa","-12.2839","-40.4939","Brazil","BR","BRA","Bahia","minor","28282","1076207484"
"Rio Pardo de Minas","Rio Pardo de Minas","-15.6100","-42.5400","Brazil","BR","BRA","Minas Gerais","minor","28271","1076405479"
"Maravilha","Maravilha","-26.7700","-53.2167","Brazil","BR","BRA","Santa Catarina","minor","28251","1076119350"
"Cocal","Cocal","-3.4708","-41.5550","Brazil","BR","BRA","Piauí","minor","28212","1076588558"
"Santo Antônio do Içá","Santo Antonio do Ica","-3.1019","-67.9400","Brazil","BR","BRA","Amazonas","minor","28211","1076789719"
"Itabela","Itabela","-16.5750","-39.5528","Brazil","BR","BRA","Bahia","minor","28165","1076263072"
"Itapemirim","Itapemirim","-21.0108","-40.8339","Brazil","BR","BRA","Espírito Santo","","28121","1076103193"
"Bom Jardim","Bom Jardim","-22.1519","-42.4189","Brazil","BR","BRA","Rio de Janeiro","minor","28102","1076904801"
"Casa Branca","Casa Branca","-21.7739","-47.0858","Brazil","BR","BRA","São Paulo","minor","28083","1076748418"
"Mucuri","Mucuri","-18.0858","-39.5508","Brazil","BR","BRA","Bahia","minor","28062","1076403815"
"Anajás","Anajas","-0.9869","-49.9400","Brazil","BR","BRA","Pará","minor","28011","1076668693"
"Iguaba Grande","Iguaba Grande","-22.8389","-42.2289","Brazil","BR","BRA","Rio de Janeiro","minor","27920","1076198023"
"Traipu","Traipu","-9.9706","-37.0033","Brazil","BR","BRA","Alagoas","minor","27826","1076310468"
"Baixo Guandu","Baixo Guandu","-19.5189","-41.0158","Brazil","BR","BRA","Espírito Santo","minor","27819","1076851088"
"Pirapòzinho","Pirapozinho","-22.2753","-51.5000","Brazil","BR","BRA","São Paulo","minor","27754","1076099500"
"Monção","Moncao","-3.4919","-45.2508","Brazil","BR","BRA","Maranhão","minor","27751","1076424979"
"Itapissuma","Itapissuma","-7.7764","-34.8919","Brazil","BR","BRA","Pernambuco","minor","27749","1076841556"
"João Alfredo","Joao Alfredo","-7.8558","-35.5878","Brazil","BR","BRA","Pernambuco","minor","27725","1076231454"
"Porto Belo","Porto Belo","-27.1578","-48.5528","Brazil","BR","BRA","Santa Catarina","minor","27688","1076716285"
"Tabira","Tabira","-7.5908","-37.5394","Brazil","BR","BRA","Pernambuco","minor","27681","1076875239"
"Aparecida do Taboado","Aparecida do Taboado","-20.0869","-51.0939","Brazil","BR","BRA","Mato Grosso do Sul","minor","27674","1076127062"
"Lagoa Vermelha","Lagoa Vermelha","-28.2089","-51.5258","Brazil","BR","BRA","Rio Grande do Sul","minor","27659","1076588134"
"Mutum","Mutum","-19.8000","-41.4378","Brazil","BR","BRA","Minas Gerais","minor","27635","1076467022"
"Quijingue","Quijingue","-10.7525","-39.2092","Brazil","BR","BRA","Bahia","minor","27626","1076131651"
"Maracás","Maracas","-13.4408","-40.4308","Brazil","BR","BRA","Bahia","minor","27620","1076077347"
"Lagoa Sêca","Lagoa Seca","-7.1708","-35.8536","Brazil","BR","BRA","Paraíba","minor","27617","1076187656"
"Vila do Conde","Vila do Conde","-7.2600","-34.9078","Brazil","BR","BRA","Paraíba","minor","27605","1076678740"
"Pombos","Pombos","-8.1492","-35.4011","Brazil","BR","BRA","Pernambuco","minor","27552","1076143659"
"Novo Oriente","Novo Oriente","-5.5339","-40.7739","Brazil","BR","BRA","Ceará","minor","27545","1076000676"
"Paracuru","Paracuru","-3.4100","-39.0308","Brazil","BR","BRA","Ceará","minor","27541","1076591278"
"Pindaré-Mirim","Pindare-Mirim","-3.6078","-45.3428","Brazil","BR","BRA","Maranhão","minor","27517","1076752524"
"Triunfo","Triunfo","-29.9428","-51.7178","Brazil","BR","BRA","Rio Grande do Sul","minor","27498","1076750257"
"Oiapoque","Oiapoque","3.8428","-51.8350","Brazil","BR","BRA","Amapá","minor","27482","1076048629"
"Piraí","Pirai","-22.6287","-43.8982","Brazil","BR","BRA","Rio de Janeiro","minor","27474","1076693567"
"Jardim","Jardim","-7.5819","-39.2978","Brazil","BR","BRA","Ceará","minor","27411","1076202458"
"Ibipetuba","Ibipetuba","-11.0089","-44.5189","Brazil","BR","BRA","Bahia","minor","27390","1076992812"
"Itaí","Itai","-23.4178","-49.0906","Brazil","BR","BRA","São Paulo","minor","27382","1076144804"
"Macau","Macau","-5.1150","-36.6339","Brazil","BR","BRA","Rio Grande do Norte","minor","27369","1076020090"
"Prainha","Prainha","-1.8000","-53.4800","Brazil","BR","BRA","Pará","minor","27301","1076355822"
"Santo Antônio do Monte","Santo Antonio do Monte","-20.0869","-45.2939","Brazil","BR","BRA","Minas Gerais","minor","27295","1076769736"
"Porto Calvo","Porto Calvo","-9.0562","-35.3985","Brazil","BR","BRA","Alagoas","minor","27288","1076563393"
"Corrente","Corrente","-10.4428","-45.1619","Brazil","BR","BRA","Piauí","minor","27278","1076941506"
"Santo Amaro da Imperatriz","Santo Amaro da Imperatriz","-27.6878","-48.7789","Brazil","BR","BRA","Santa Catarina","minor","27272","1076813549"
"Bady Bassitt","Bady Bassitt","-20.9178","-49.4450","Brazil","BR","BRA","São Paulo","minor","27260","1076001081"
"Esplanada","Esplanada","-11.7958","-37.9450","Brazil","BR","BRA","Bahia","minor","27230","1076376279"
"Redenção","Redencao","-4.2258","-38.7308","Brazil","BR","BRA","Ceará","minor","27214","1076923300"
"Mocajuba","Mocajuba","-2.5839","-49.5069","Brazil","BR","BRA","Pará","minor","27198","1076949250"
"Piçarras","Picarras","-26.7500","-48.6667","Brazil","BR","BRA","Santa Catarina","minor","27127","1076750040"
"Minaçu","Minacu","-13.5328","-48.2200","Brazil","BR","BRA","Goiás","minor","27075","1076477797"
"Nova Olinda do Norte","Nova Olinda do Norte","-3.8878","-59.0939","Brazil","BR","BRA","Amazonas","minor","27062","1076698345"
"Alexânia","Alexania","-16.0819","-48.5069","Brazil","BR","BRA","Goiás","minor","27008","1076561964"
"Anajatuba","Anajatuba","-3.2644","-44.6197","Brazil","BR","BRA","Maranhão","minor","26988","1076287191"
"Aripuanã","Aripuana","-10.1767","-59.4439","Brazil","BR","BRA","Mato Grosso","minor","26983","1076120202"
"Novo Cruzeiro","Novo Cruzeiro","-17.4678","-41.8750","Brazil","BR","BRA","Minas Gerais","minor","26975","1076396418"
"São Bernardo","Sao Bernardo","-3.3608","-42.4178","Brazil","BR","BRA","Maranhão","minor","26943","1076666817"
"Nossa Senhora da Glória","Nossa Senhora da Gloria","-10.2178","-37.4200","Brazil","BR","BRA","Sergipe","minor","26910","1076396481"
"Miracema","Miracema","-21.4119","-42.1969","Brazil","BR","BRA","Rio de Janeiro","minor","26881","1076359191"
"Canindé de São Francisco","Caninde de Sao Francisco","-9.6419","-37.7878","Brazil","BR","BRA","Sergipe","minor","26834","1076351057"
"Mirassol d’Oeste","Mirassol d'Oeste","-15.6750","-58.0958","Brazil","BR","BRA","Mato Grosso","minor","26785","1076202383"
"Solânea","Solanea","-6.7778","-35.6969","Brazil","BR","BRA","Paraíba","minor","26774","1076127830"
"Goianinha","Goianinha","-6.2669","-35.2100","Brazil","BR","BRA","Rio Grande do Norte","minor","26741","1076687499"
"Pirenópolis","Pirenopolis","-15.8526","-48.9589","Brazil","BR","BRA","Goiás","minor","26690","1076563560"
"Piracaia","Piracaia","-23.0539","-46.3581","Brazil","BR","BRA","São Paulo","minor","26688","1076072528"
"Pitangui","Pitangui","-19.6828","-44.8900","Brazil","BR","BRA","Minas Gerais","minor","26685","1076766029"
"Ipu","Ipu","-4.3257","-40.7103","Brazil","BR","BRA","Ceará","minor","26678","1076972725"
"Itamaracá","Itamaraca","-7.7514","-34.8276","Brazil","BR","BRA","Pernambuco","minor","26672","1076577014"
"Sacramento","Sacramento","-19.8650","-47.4400","Brazil","BR","BRA","Minas Gerais","minor","26670","1076384537"
"Propriá","Propria","-10.2111","-36.8403","Brazil","BR","BRA","Sergipe","minor","26618","1076924587"
"Jaguarão","Jaguarao","-32.5658","-53.3758","Brazil","BR","BRA","Rio Grande do Sul","minor","26603","1076878261"
"São Gabriel","Sao Gabriel","-19.0169","-40.5358","Brazil","BR","BRA","Espírito Santo","minor","26588","1076212257"
"Nova Esperança","Nova Esperanca","-23.1839","-52.2050","Brazil","BR","BRA","Paraná","minor","26585","1076389482"
"Porto da Folha","Porto da Folha","-9.9169","-37.2778","Brazil","BR","BRA","Sergipe","minor","26576","1076255219"
"Mantena","Mantena","-18.7819","-40.9800","Brazil","BR","BRA","Minas Gerais","minor","26535","1076942263"
"Ituporanga","Ituporanga","-27.4139","-49.6008","Brazil","BR","BRA","Santa Catarina","minor","26525","1076063095"
"Dois Córregos","Dois Corregos","-22.3661","-48.3803","Brazil","BR","BRA","São Paulo","minor","26517","1076640457"
"Conceição da Barra","Conceicao da Barra","-18.5928","-39.7319","Brazil","BR","BRA","Espírito Santo","minor","26494","1076271999"
"Capão do Leão","Capao do Leao","-31.7628","-52.4839","Brazil","BR","BRA","Rio Grande do Sul","minor","26487","1076641402"
"Timbiras","Timbiras","-4.2550","-43.9408","Brazil","BR","BRA","Maranhão","minor","26484","1076776751"
"Água Preta","Agua Preta","-8.7000","-35.3500","Brazil","BR","BRA","Pernambuco","minor","26461","1076495726"
"Cajuru","Cajuru","-21.2753","-47.3042","Brazil","BR","BRA","São Paulo","minor","26393","1076846644"
"Nazaré","Nazare","-13.0350","-39.0139","Brazil","BR","BRA","Bahia","minor","26365","1076623776"
"Vicência","Vicencia","-7.6569","-35.3269","Brazil","BR","BRA","Pernambuco","minor","26359","1076853689"
"Ilha Solteira","Ilha Solteira","-20.4272","-51.3436","Brazil","BR","BRA","São Paulo","minor","26344","1076272168"
"Elói Mendes","Eloi Mendes","-21.6100","-45.5650","Brazil","BR","BRA","Minas Gerais","minor","26336","1076184209"
"Caririaçu","Caririacu","-7.0419","-39.2839","Brazil","BR","BRA","Ceará","minor","26320","1076000543"
"Ibotirama","Ibotirama","-12.1850","-43.2208","Brazil","BR","BRA","Bahia","minor","26309","1076512015"
"Batalha","Batalha","-4.0239","-42.0778","Brazil","BR","BRA","Piauí","minor","26300","1076539157"
"Laranjal Paulista","Laranjal Paulista","-23.0118","-47.8657","Brazil","BR","BRA","São Paulo","minor","26261","1076357656"
"Pojuca","Pojuca","-12.4260","-38.3267","Brazil","BR","BRA","Bahia","minor","26203","1076002633"
"Curuçá","Curuca","-0.7339","-47.8550","Brazil","BR","BRA","Pará","minor","26160","1076098229"
"Itapuranga","Itapuranga","-15.5619","-49.9489","Brazil","BR","BRA","Goiás","minor","26113","1076547032"
"Campos Gerais","Campos Gerais","-21.2350","-45.7589","Brazil","BR","BRA","Minas Gerais","minor","26105","1076697616"
"Camanducaia","Camanducaia","-22.7550","-46.1450","Brazil","BR","BRA","Minas Gerais","minor","26097","1076164831"
"Alagoa Grande","Alagoa Grande","-7.0822","-35.6000","Brazil","BR","BRA","Paraíba","minor","26062","1076229979"
"Tarauacá","Tarauaca","-8.1608","-70.7658","Brazil","BR","BRA","Acre","minor","26037","1076894557"
"Barra da Estiva","Barra da Estiva","-13.6258","-41.3269","Brazil","BR","BRA","Bahia","minor","26026","1076633859"
"Brasiléia","Brasileia","-11.0100","-68.7478","Brazil","BR","BRA","Acre","minor","26000","1076430930"
"Bom Jesus dos Perdões","Bom Jesus dos Perdoes","-23.1350","-46.4653","Brazil","BR","BRA","São Paulo","minor","25985","1076453674"
"Maracanã","Maracana","-0.7650","-47.4500","Brazil","BR","BRA","Pará","minor","25971","1076318334"
"São Joaquim","Sao Joaquim","-28.2939","-49.9319","Brazil","BR","BRA","Santa Catarina","minor","25939","1076398960"
"Milagres","Milagres","-7.3128","-38.9458","Brazil","BR","BRA","Ceará","minor","25900","1076727569"
"Formosa do Rio Preto","Formosa do Rio Preto","-11.0478","-45.1928","Brazil","BR","BRA","Bahia","minor","25899","1076368552"
"Fonte Boa","Fonte Boa","-2.5139","-66.0917","Brazil","BR","BRA","Amazonas","minor","25871","1076851330"
"Santa Isabel do Rio Negro","Santa Isabel do Rio Negro","-0.4139","-65.0192","Brazil","BR","BRA","Amazonas","minor","25865","1076252354"
"Marco","Marco","-3.1239","-40.1469","Brazil","BR","BRA","Ceará","minor","25799","1076214721"
"Arapoti","Arapoti","-24.1578","-49.8269","Brazil","BR","BRA","Paraná","minor","25777","1076793835"
"Nova Prata","Nova Prata","-28.7839","-51.6100","Brazil","BR","BRA","Rio Grande do Sul","minor","25692","1076463045"
"Espigão D’Oeste","Espigao D'Oeste","-11.5247","-61.0128","Brazil","BR","BRA","Rondônia","minor","25688","1076120982"
"Pereira Barreto","Pereira Barreto","-20.6383","-51.1092","Brazil","BR","BRA","São Paulo","minor","25677","1076105088"
"São Sebastião da Boa Vista","Sao Sebastiao da Boa Vista","-1.7178","-49.5408","Brazil","BR","BRA","Pará","minor","25643","1076028346"
"Igaci","Igaci","-9.5369","-36.6336","Brazil","BR","BRA","Alagoas","minor","25613","1076358024"
"São João Nepomuceno","Sao Joao Nepomuceno","-21.5400","-43.0108","Brazil","BR","BRA","Minas Gerais","minor","25565","1076117412"
"Jericoacoara","Jericoacoara","-2.8000","-40.4833","Brazil","BR","BRA","Ceará","minor","25555","1076587991"
"Aracoiaba","Aracoiaba","-4.3708","-38.8139","Brazil","BR","BRA","Ceará","minor","25553","1076829052"
"Ipameri","Ipameri","-17.7219","-48.1600","Brazil","BR","BRA","Goiás","minor","25548","1076781326"
"Miranda","Miranda","-20.2408","-56.3778","Brazil","BR","BRA","Mato Grosso do Sul","minor","25536","1076310888"
"Jacutinga","Jacutinga","-22.2858","-46.6119","Brazil","BR","BRA","Minas Gerais","minor","25525","1076374873"
"Santa Helena","Santa Helena","-24.8600","-54.3328","Brazil","BR","BRA","Paraná","minor","25492","1076079430"
"Guaçuí","Guacui","-20.7758","-41.6789","Brazil","BR","BRA","Espírito Santo","minor","25492","1076047001"
"Astorga","Astorga","-23.2328","-51.6658","Brazil","BR","BRA","Paraná","minor","25475","1076827455"
"Sobrado","Sobrado","-9.4550","-40.8228","Brazil","BR","BRA","Bahia","minor","25475","1076105336"
"Tupaciguara","Tupaciguara","-18.5928","-48.7050","Brazil","BR","BRA","Minas Gerais","minor","25470","1076623546"
"São José do Norte","Sao Jose do Norte","-32.0150","-52.0419","Brazil","BR","BRA","Rio Grande do Sul","minor","25443","1076411252"
"Anagé","Anage","-14.6119","-41.1358","Brazil","BR","BRA","Bahia","minor","25438","1076575935"
"Três Passos","Tres Passos","-27.4558","-53.9319","Brazil","BR","BRA","Rio Grande do Sul","minor","25436","1076641723"
"Craíbas","Craibas","-9.6178","-36.7678","Brazil","BR","BRA","Alagoas","minor","25397","1076030109"
"Coração de Jesus","Coracao de Jesus","-16.6850","-44.3650","Brazil","BR","BRA","Minas Gerais","minor","25377","1076466441"
"Luzilândia","Luzilandia","-3.4578","-42.3700","Brazil","BR","BRA","Piauí","minor","25375","1076062219"
"Tanabi","Tanabi","-20.6258","-49.6489","Brazil","BR","BRA","São Paulo","minor","25265","1076368132"
"Cândido Sales","Candido Sales","-15.5050","-41.2389","Brazil","BR","BRA","Bahia","minor","25247","1076675409"
"Apiaí","Apiai","-24.5097","-48.8428","Brazil","BR","BRA","São Paulo","minor","25211","1076258648"
"Uruçuí","Urucui","-7.2333","-44.5500","Brazil","BR","BRA","Piauí","minor","25203","1076915022"
"Brodósqui","Brodosqui","-20.9908","-47.6589","Brazil","BR","BRA","São Paulo","minor","25201","1076955012"
"Taquari","Taquari","-29.8000","-51.8597","Brazil","BR","BRA","Rio Grande do Sul","minor","25198","1076188300"
"Piranhas","Piranhas","-9.6239","-37.7569","Brazil","BR","BRA","Alagoas","minor","25183","1076219170"
"Jutaí","Jutai","-2.7469","-66.7669","Brazil","BR","BRA","Amazonas","minor","25172","1076835139"
"Aimorés","Aimores","-19.4958","-41.0639","Brazil","BR","BRA","Minas Gerais","minor","25141","1076798379"
"Campos Sales","Campos Sales","-7.0739","-40.3758","Brazil","BR","BRA","Ceará","minor","25135","1076347129"
"Ibiapina","Ibiapina","-3.9233","-40.8894","Brazil","BR","BRA","Ceará","minor","25082","1076549899"
"Bombinhas","Bombinhas","-27.1378","-48.5169","Brazil","BR","BRA","Santa Catarina","minor","25058","1076894216"
"São João dos Patos","Sao Joao dos Patos","-6.4950","-43.7019","Brazil","BR","BRA","Maranhão","minor","25020","1076415753"
"Nepomuceno","Nepomuceno","-21.2358","-45.2358","Brazil","BR","BRA","Minas Gerais","minor","25018","1076022891"
"Nossa Senhora das Dores","Nossa Senhora das Dores","-10.4919","-37.1928","Brazil","BR","BRA","Sergipe","minor","24996","1076135049"
"Ponta de Pedras","Ponta de Pedras","-1.3900","-48.8708","Brazil","BR","BRA","Pará","minor","24984","1076902460"
"Rio Preto da Eva","Rio Preto da Eva","-2.6989","-59.7000","Brazil","BR","BRA","Amazonas","minor","24936","1076575566"
"Três de Maio","Tres de Maio","-27.7728","-54.2400","Brazil","BR","BRA","Rio Grande do Sul","minor","24916","1076340947"
"Piracanjuba","Piracanjuba","-17.3028","-49.0178","Brazil","BR","BRA","Goiás","minor","24883","1076271266"
"Martinópolis","Martinopolis","-22.1461","-51.1709","Brazil","BR","BRA","São Paulo","minor","24881","1076602644"
"Santa Rita do Passa Quatro","Santa Rita do Passa Quatro","-21.7100","-47.4778","Brazil","BR","BRA","São Paulo","minor","24833","1076791348"
"Tamboril","Tamboril","-4.8319","-40.3208","Brazil","BR","BRA","Ceará","minor","24815","1076937036"
"Icatu","Icatu","-2.7758","-44.0658","Brazil","BR","BRA","Maranhão","minor","24794","1076831989"
"Guaraí","Guarai","-8.8339","-48.5100","Brazil","BR","BRA","Tocantins","minor","24775","1076025725"
"Santana","Santana","-12.9828","-44.0508","Brazil","BR","BRA","Bahia","minor","24755","1076550800"
"Taquaritinga do Norte","Taquaritinga do Norte","-7.9001","-36.0502","Brazil","BR","BRA","Pernambuco","","24736","1076267864"
"Floresta","Floresta","-8.6008","-38.5678","Brazil","BR","BRA","Pernambuco","minor","24729","1076279449"
"Lapão","Lapao","-11.3828","-41.8319","Brazil","BR","BRA","Bahia","minor","24727","1076995374"
"Junqueiro","Junqueiro","-9.9253","-36.4758","Brazil","BR","BRA","Alagoas","minor","24722","1076985686"
"Marapanim","Marapanim","-0.7139","-47.6939","Brazil","BR","BRA","Pará","minor","24718","1076797641"
"Brasil Novo","Brasil Novo","-3.2619","-52.6678","Brazil","BR","BRA","Pará","minor","24718","1076611672"
"Castro Alves","Castro Alves","-12.7658","-39.4278","Brazil","BR","BRA","Bahia","minor","24712","1076609570"
"João Lisboa","Joao Lisboa","-5.4478","-47.4008","Brazil","BR","BRA","Maranhão","minor","24709","1076460589"
"Uauá","Uaua","-9.8419","-39.4819","Brazil","BR","BRA","Bahia","minor","24665","1076204495"
"Miguel Calmon","Miguel Calmon","-11.4289","-40.5950","Brazil","BR","BRA","Bahia","minor","24661","1076065953"
"Portão","Portao","-29.7019","-51.2419","Brazil","BR","BRA","Rio Grande do Sul","minor","24657","1076512435"
"Santa Maria do Pará","Santa Maria do Para","-1.3519","-47.5758","Brazil","BR","BRA","Pará","minor","24624","1076556798"
"Iaçu","Iacu","-12.7669","-40.2119","Brazil","BR","BRA","Bahia","minor","24607","1076999933"
"Queimadas","Queimadas","-10.9778","-39.6239","Brazil","BR","BRA","Bahia","minor","24602","1076400945"
"Condado","Condado","-7.5858","-35.1058","Brazil","BR","BRA","Pernambuco","minor","24587","1076861646"
"Rio Tinto","Rio Tinto","-6.8028","-35.0808","Brazil","BR","BRA","Paraíba","minor","24581","1076667318"
"Reserva","Reserva","-24.6500","-50.8508","Brazil","BR","BRA","Paraná","minor","24573","1076052177"
"Tapejara","Tapejara","-28.0678","-52.0139","Brazil","BR","BRA","Rio Grande do Sul","minor","24557","1076224015"
"Guabiruba","Guabiruba","-27.0858","-48.9808","Brazil","BR","BRA","Santa Catarina","minor","24543","1076001337"
"Alcobaça","Alcobaca","-17.5189","-39.1958","Brazil","BR","BRA","Bahia","minor","24530","1076035694"
"Cordeirópolis","Cordeiropolis","-22.4819","-47.4569","Brazil","BR","BRA","São Paulo","minor","24514","1076452499"
"Ocara","Ocara","-4.4908","-38.5969","Brazil","BR","BRA","Ceará","minor","24493","1076000009"
"Mimoso do Sul","Mimoso do Sul","-21.0639","-41.3658","Brazil","BR","BRA","Espírito Santo","minor","24475","1076302164"
"Igaraçu do Tietê","Igaracu do Tiete","-22.5092","-48.5578","Brazil","BR","BRA","São Paulo","minor","24451","1076166440"
"São Sebastião do Caí","Sao Sebastiao do Cai","-29.5869","-51.3758","Brazil","BR","BRA","Rio Grande do Sul","minor","24428","1076903891"
"Três Coroas","Tres Coroas","-29.5169","-50.7778","Brazil","BR","BRA","Rio Grande do Sul","minor","24425","1076520525"
"Pedra Azul","Pedra Azul","-16.0050","-41.2969","Brazil","BR","BRA","Minas Gerais","minor","24410","1076967714"
"Minas Novas","Minas Novas","-17.2189","-42.5900","Brazil","BR","BRA","Minas Gerais","minor","24405","1076593448"
"Itambé","Itambe","-15.2450","-40.6239","Brazil","BR","BRA","Bahia","minor","24394","1076307665"
"Valente","Valente","-11.4119","-39.4619","Brazil","BR","BRA","Bahia","minor","24362","1076278646"
"Taquarituba","Taquarituba","-23.5328","-49.2439","Brazil","BR","BRA","São Paulo","minor","24350","1076078451"
"Nova Xavantina","Nova Xavantina","-14.6728","-52.3528","Brazil","BR","BRA","Mato Grosso","minor","24345","1076345710"
"Ibimirim","Ibimirim","-8.5408","-37.6903","Brazil","BR","BRA","Pernambuco","minor","24340","1076028075"
"Canhotinho","Canhotinho","-8.8819","-36.1908","Brazil","BR","BRA","Pernambuco","minor","24329","1076691166"
"Ipixuna","Ipixuna","-7.0508","-71.6950","Brazil","BR","BRA","Amazonas","minor","24311","1076079764"
"Cantanhede","Cantanhede","-3.6328","-44.3769","Brazil","BR","BRA","Maranhão","minor","24303","1076238888"
"Pinheiral","Pinheiral","-22.5128","-44.0008","Brazil","BR","BRA","Rio de Janeiro","minor","24298","1076878276"
"Satuba","Satuba","-9.5628","-35.8239","Brazil","BR","BRA","Alagoas","minor","24278","1076759300"
"Senador Pompeu","Senador Pompeu","-5.5878","-39.3719","Brazil","BR","BRA","Ceará","minor","24266","1076883393"
"São Geraldo do Araguaia","Sao Geraldo do Araguaia","-6.4008","-48.5550","Brazil","BR","BRA","Pará","minor","24255","1076057827"
"Valparaíso","Valparaiso","-21.2278","-50.8678","Brazil","BR","BRA","São Paulo","minor","24241","1076354357"
"Carutapera","Carutapera","-1.1950","-46.0200","Brazil","BR","BRA","Maranhão","minor","24238","1076275757"
"Nova Soure","Nova Soure","-11.2328","-38.4828","Brazil","BR","BRA","Bahia","minor","24236","1076178035"
"Canarana","Canarana","-11.6850","-41.7689","Brazil","BR","BRA","Bahia","minor","24206","1076773196"
"Soure","Soure","-0.7169","-48.5228","Brazil","BR","BRA","Pará","minor","24204","1076147572"
"Ortigueira","Ortigueira","-24.2078","-50.9489","Brazil","BR","BRA","Paraná","minor","24192","1076897299"
"Quatro Barras","Quatro Barras","-25.3658","-49.0769","Brazil","BR","BRA","Paraná","minor","24191","1076060644"
"Boquim","Boquim","-11.1469","-37.6208","Brazil","BR","BRA","Sergipe","minor","24188","1076424081"
"Forquilha","Forquilha","-3.7978","-40.2608","Brazil","BR","BRA","Ceará","minor","24173","1076612158"
"Angatuba","Angatuba","-23.4903","-48.4128","Brazil","BR","BRA","São Paulo","minor","24161","1076790515"
"Itaporã","Itapora","-22.0789","-54.7889","Brazil","BR","BRA","Mato Grosso do Sul","minor","24137","1076866825"
"Salvaterra","Salvaterra","-0.7528","-48.5169","Brazil","BR","BRA","Pará","minor","24129","1076162949"
"Paraopeba","Paraopeba","-19.2739","-44.4039","Brazil","BR","BRA","Minas Gerais","minor","24107","1076363838"
"Espera Feliz","Espera Feliz","-20.6500","-41.9069","Brazil","BR","BRA","Minas Gerais","minor","24102","1076630023"
"Areia Branca","Areia Branca","-4.9558","-37.1369","Brazil","BR","BRA","Rio Grande do Norte","minor","24093","1076509200"
"Viçosa","Vicosa","-9.3714","-36.2408","Brazil","BR","BRA","Alagoas","minor","24092","1076265503"
"Monte Sião","Monte Siao","-22.4328","-46.5728","Brazil","BR","BRA","Minas Gerais","minor","24089","1076832513"
"Lagoa Grande","Lagoa Grande","-8.9969","-40.2719","Brazil","BR","BRA","Pernambuco","minor","24088","1076319673"
"Goiás","Goias","-15.9339","-50.1400","Brazil","BR","BRA","Goiás","minor","24071","1076649363"
"Independência","Independencia","-5.3958","-40.3089","Brazil","BR","BRA","Ceará","minor","24024","1076432999"
"Veranópolis","Veranopolis","-28.9358","-51.5489","Brazil","BR","BRA","Rio Grande do Sul","minor","24021","1076303764"
"Jardim","Jardim","-21.4800","-56.1378","Brazil","BR","BRA","Mato Grosso do Sul","minor","23981","1076077588"
"Cachoeira do Arari","Cachoeira do Arari","-1.0108","-48.9628","Brazil","BR","BRA","Pará","minor","23981","1076292118"
"Laranjeiras","Laranjeiras","-10.8061","-37.1717","Brazil","BR","BRA","Sergipe","minor","23975","1076042749"
"São Gonçalo do Sapucaí","Sao Goncalo do Sapucai","-21.8919","-45.5950","Brazil","BR","BRA","Minas Gerais","minor","23959","1076119475"
"Bom Jesus","Bom Jesus","-18.2150","-49.7419","Brazil","BR","BRA","Goiás","minor","23958","1076683582"
"Santa Quitéria do Maranhão","Santa Quiteria do Maranhao","-3.5158","-42.5469","Brazil","BR","BRA","Maranhão","minor","23957","1076783910"
"Pilar do Sul","Pilar do Sul","-23.8128","-47.7158","Brazil","BR","BRA","São Paulo","minor","23948","1076254637"
"Urucurituba","Urucurituba","-3.1308","-58.1550","Brazil","BR","BRA","Amazonas","minor","23945","1076213551"
"Itaporanga","Itaporanga","-7.3039","-38.1500","Brazil","BR","BRA","Paraíba","minor","23940","1076874618"
"São João da Ponte","Sao Joao da Ponte","-15.9289","-44.0078","Brazil","BR","BRA","Minas Gerais","minor","23930","1076581475"
"Belo Oriente","Belo Oriente","-19.2200","-42.4839","Brazil","BR","BRA","Minas Gerais","minor","23928","1076586666"
"Jucás","Jucas","-6.5250","-39.5278","Brazil","BR","BRA","Ceará","minor","23922","1076754978"
"Umbaúba","Umbauba","-11.3828","-37.6578","Brazil","BR","BRA","Sergipe","minor","23917","1076584847"
"Irauçuba","Iraucuba","-3.7458","-39.7828","Brazil","BR","BRA","Ceará","minor","23915","1076060392"
"São João do Paraíso","Sao Joao do Paraiso","-15.3139","-42.0139","Brazil","BR","BRA","Minas Gerais","minor","23910","1076830423"
"Buritizeiro","Buritizeiro","-17.3508","-44.9619","Brazil","BR","BRA","Minas Gerais","minor","23910","1076067806"
"Porto Franco","Porto Franco","-6.3378","-47.3989","Brazil","BR","BRA","Maranhão","minor","23903","1076451922"
"Miguel Pereira","Miguel Pereira","-22.4539","-43.4689","Brazil","BR","BRA","Rio de Janeiro","minor","23902","1076793723"
"Tacaratu","Tacaratu","-9.1058","-38.1500","Brazil","BR","BRA","Pernambuco","minor","23902","1076482640"
"Brotas","Brotas","-22.2839","-48.1269","Brazil","BR","BRA","São Paulo","minor","23898","1076744263"
"Macaparana","Macaparana","-7.5550","-35.4528","Brazil","BR","BRA","Pernambuco","minor","23879","1076657327"
"Iraquara","Iraquara","-12.2489","-41.6189","Brazil","BR","BRA","Bahia","minor","23879","1076405932"
"Matriz de Camarajibe","Matriz de Camarajibe","-9.1519","-35.5328","Brazil","BR","BRA","Alagoas","minor","23857","1076079879"
"Cruzeiro do Oeste","Cruzeiro do Oeste","-23.7850","-53.0728","Brazil","BR","BRA","Paraná","minor","23831","1076303901"
"Pão de Açúcar","Pao de Acucar","-9.7478","-37.4369","Brazil","BR","BRA","Alagoas","minor","23823","1076453534"
"Encruzilhada do Sul","Encruzilhada do Sul","-30.5439","-52.5219","Brazil","BR","BRA","Rio Grande do Sul","minor","23819","1076248019"
"Carandaí","Carandai","-20.9539","-43.8058","Brazil","BR","BRA","Minas Gerais","minor","23812","1076288590"
"Agrestina","Agrestina","-8.4500","-35.9500","Brazil","BR","BRA","Pernambuco","minor","23779","1076512287"
"Manari","Manari","-8.9639","-37.6278","Brazil","BR","BRA","Pernambuco","minor","23763","1076507706"
"Aurora","Aurora","-6.9428","-38.9678","Brazil","BR","BRA","Ceará","minor","23714","1076635506"
"Santo Antônio do Sudoeste","Santo Antonio do Sudoeste","-26.0700","-53.7228","Brazil","BR","BRA","Paraná","minor","23673","1076623893"
"Orleães","Orleaes","-28.3589","-49.2908","Brazil","BR","BRA","Santa Catarina","minor","23661","1076528540"
"Bonito","Bonito","-21.1333","-56.4833","Brazil","BR","BRA","Mato Grosso do Sul","minor","23659","1076969524"
"Araquari","Araquari","-26.3700","-48.7219","Brazil","BR","BRA","Santa Catarina","minor","23645","1076471476"
"Santa Gertrudes","Santa Gertrudes","-22.4569","-47.5300","Brazil","BR","BRA","São Paulo","minor","23611","1076580877"
"Tamandaré","Tamandare","-8.7600","-35.1050","Brazil","BR","BRA","Pernambuco","minor","23561","1076348637"
"Codajás","Codajas","-3.8369","-62.0569","Brazil","BR","BRA","Amazonas","minor","23549","1076405566"
"Bambuí","Bambui","-20.0058","-45.9769","Brazil","BR","BRA","Minas Gerais","minor","23546","1076477568"
"São Miguel","Sao Miguel","-6.2119","-38.4969","Brazil","BR","BRA","Rio Grande do Norte","minor","23537","1076653158"
"Corinto","Corinto","-18.3808","-44.4558","Brazil","BR","BRA","Minas Gerais","minor","23532","1076610293"
"Cupira","Cupira","-8.6169","-35.9500","Brazil","BR","BRA","Pernambuco","minor","23518","1076298613"
"Mujuí dos Campos","Mujui dos Campos","-2.6847","-54.6403","Brazil","BR","BRA","Pará","minor","23501","1076330861"
"Quaraí","Quarai","-30.3878","-56.4508","Brazil","BR","BRA","Rio Grande do Sul","minor","23500","1076203994"
"Matinha","Matinha","-3.1006","-45.0336","Brazil","BR","BRA","Maranhão","minor","23482","1076345021"
"Carmo do Cajuru","Carmo do Cajuru","-20.1839","-44.7708","Brazil","BR","BRA","Minas Gerais","minor","23479","1076104600"
"Francisco Sá","Francisco Sa","-16.4777","-43.4943","Brazil","BR","BRA","Minas Gerais","minor","23476","1076078241"
"Raul Soares","Raul Soares","-20.1019","-42.4528","Brazil","BR","BRA","Minas Gerais","minor","23423","1076014594"
"Santa Rosa de Viterbo","Santa Rosa de Viterbo","-21.4728","-47.3628","Brazil","BR","BRA","São Paulo","minor","23411","1076895582"
"Pindoretama","Pindoretama","-4.0278","-38.3058","Brazil","BR","BRA","Ceará","minor","23391","1076655483"
"Coronel Vivida","Coronel Vivida","-25.9800","-52.5678","Brazil","BR","BRA","Paraná","minor","23331","1076806010"
"Capinzal","Capinzal","-27.3439","-51.6119","Brazil","BR","BRA","Santa Catarina","minor","23314","1076789641"
"Aldeias Altas","Aldeias Altas","-4.6278","-43.4708","Brazil","BR","BRA","Maranhão","minor","23286","1076098052"
"Poxoréo","Poxoreo","-15.8369","-54.3889","Brazil","BR","BRA","Mato Grosso","minor","23283","1076239905"
"Carambeí","Carambei","-24.9178","-50.0969","Brazil","BR","BRA","Paraná","minor","23283","1076138552"
"Teodoro Sampaio","Teodoro Sampaio","-22.5325","-52.1675","Brazil","BR","BRA","São Paulo","minor","23273","1076720221"
"Santo Antônio de Posse","Santo Antonio de Posse","-22.6058","-46.9189","Brazil","BR","BRA","São Paulo","minor","23244","1076962973"
"Loanda","Loanda","-22.9228","-53.1369","Brazil","BR","BRA","Paraná","minor","23225","1076974194"
"Itabaiana","Itabaiana","-7.3289","-35.3328","Brazil","BR","BRA","Paraíba","minor","23182","1076694926"
"Ribas do Rio Pardo","Ribas do Rio Pardo","-20.4428","-53.7589","Brazil","BR","BRA","Mato Grosso do Sul","minor","23150","1076404625"
"Bananeiras","Bananeiras","-6.7500","-35.6328","Brazil","BR","BRA","Paraíba","minor","23134","1076063648"
"Gurupá","Gurupa","-1.4050","-51.6400","Brazil","BR","BRA","Pará","minor","23098","1076469550"
"Dom Pedro","Dom Pedro","-5.0328","-44.4358","Brazil","BR","BRA","Maranhão","minor","23053","1076482404"
"Monte Alegre","Monte Alegre","-6.0678","-35.3319","Brazil","BR","BRA","Rio Grande do Norte","minor","23031","1076839231"
"Bataguaçu","Bataguacu","-21.7139","-52.4219","Brazil","BR","BRA","Mato Grosso do Sul","minor","23031","1076342312"
"Panelas","Panelas","-8.6639","-36.0058","Brazil","BR","BRA","Pernambuco","minor","22991","1076525779"
"Ivoti","Ivoti","-29.5908","-51.1608","Brazil","BR","BRA","Rio Grande do Sul","minor","22983","1076815528"
"Encantado","Encantado","-29.2358","-51.8700","Brazil","BR","BRA","Rio Grande do Sul","minor","22962","1076221232"
"Itaocara","Itaocara","-21.6789","-42.0819","Brazil","BR","BRA","Rio de Janeiro","minor","22919","1076973020"
"Jequitinhonha","Jequitinhonha","-16.4339","-41.0028","Brazil","BR","BRA","Minas Gerais","minor","22902","1076638879"
"Colorado","Colorado","-22.8378","-51.9728","Brazil","BR","BRA","Paraná","minor","22896","1076860546"
"Araçariguama","Aracariguama","-23.4386","-47.0614","Brazil","BR","BRA","São Paulo","minor","22860","1076653796"
"Sarandi","Sarandi","-27.9439","-52.9228","Brazil","BR","BRA","Rio Grande do Sul","minor","22851","1076885857"
"Siqueira Campos","Siqueira Campos","-23.6889","-49.8339","Brazil","BR","BRA","Paraná","minor","22811","1076393725"
"Pedra","Pedra","-8.5006","-36.9456","Brazil","BR","BRA","Pernambuco","minor","22795","1076436337"
"Morrinhos","Morrinhos","-3.2289","-40.1250","Brazil","BR","BRA","Ceará","minor","22753","1076354699"
"Cambará","Cambara","-23.0458","-50.0739","Brazil","BR","BRA","Paraná","minor","22740","1076033204"
"Feira Grande","Feira Grande","-9.9000","-36.6778","Brazil","BR","BRA","Alagoas","minor","22712","1076009834"
"Inhapim","Inhapim","-19.5489","-42.1200","Brazil","BR","BRA","Minas Gerais","minor","22692","1076403115"
"Conchal","Conchal","-22.3300","-47.1728","Brazil","BR","BRA","São Paulo","minor","22676","1076034589"
"Álvares Machado","Alvares Machado","-22.0789","-51.4719","Brazil","BR","BRA","São Paulo","minor","22661","1076095632"
"Olindina","Olindina","-11.3669","-38.3328","Brazil","BR","BRA","Bahia","minor","22633","1076626137"
"Areia","Areia","-6.9628","-35.6919","Brazil","BR","BRA","Paraíba","minor","22633","1076995315"
"Tocantinópolis","Tocantinopolis","-6.3289","-47.4158","Brazil","BR","BRA","Tocantins","minor","22615","1076917053"
"Barreirinha","Barreirinha","-2.8025","-57.0686","Brazil","BR","BRA","Amazonas","minor","22579","1076984519"
"Camacan","Camacan","-15.4189","-39.4958","Brazil","BR","BRA","Bahia","minor","22579","1076604615"
"Senador José Porfírio","Senador Jose Porfirio","-2.5908","-51.9539","Brazil","BR","BRA","Pará","minor","22576","1076927410"
"Coração de Maria","Coracao de Maria","-12.2333","-38.7500","Brazil","BR","BRA","Bahia","minor","22495","1076552698"
"Anastácio","Anastacio","-20.4839","-55.8069","Brazil","BR","BRA","Mato Grosso do Sul","minor","22477","1076847200"
"Caculé","Cacule","-14.5028","-42.2219","Brazil","BR","BRA","Bahia","minor","22462","1076086247"
"Buriti Bravo","Buriti Bravo","-5.8369","-43.8339","Brazil","BR","BRA","Maranhão","minor","22455","1076262362"
"Pirajuí","Pirajui","-21.9989","-49.4569","Brazil","BR","BRA","São Paulo","minor","22431","1076016134"
"Quissamã","Quissama","-22.1069","-41.4719","Brazil","BR","BRA","Rio de Janeiro","minor","22393","1076255718"
"Abaeté","Abaete","-19.1583","-45.4522","Brazil","BR","BRA","Minas Gerais","minor","22360","1076413528"
"Cedro","Cedro","-6.6069","-39.0619","Brazil","BR","BRA","Ceará","minor","22344","1076688549"
"Piúma","Piuma","-20.8350","-40.7289","Brazil","BR","BRA","Espírito Santo","minor","22300","1076847843"
"Monte Aprazível","Monte Aprazivel","-20.7728","-49.7139","Brazil","BR","BRA","São Paulo","minor","22280","1076150563"
"Valença do Piauí","Valenca do Piaui","-6.4078","-41.7458","Brazil","BR","BRA","Piauí","minor","22279","1076056568"
"Silvânia","Silvania","-16.6589","-48.6078","Brazil","BR","BRA","Goiás","minor","22245","1076536713"
"Ibiá","Ibia","-19.4778","-46.5389","Brazil","BR","BRA","Minas Gerais","minor","22229","1076749050"
"Medeiros Neto","Medeiros Neto","-17.3739","-40.2208","Brazil","BR","BRA","Bahia","minor","22194","1076423540"
"Santo Antônio","Santo Antonio","-6.3108","-35.4789","Brazil","BR","BRA","Rio Grande do Norte","minor","22177","1076309827"
"Ibirapitanga","Ibirapitanga","-14.1639","-39.3739","Brazil","BR","BRA","Bahia","minor","22177","1076745407"
"Pomerode","Pomerode","-26.7408","-49.1769","Brazil","BR","BRA","Santa Catarina","minor","22127","1076620376"
"Cunha","Cunha","-23.0744","-44.9597","Brazil","BR","BRA","São Paulo","minor","22110","1076000535"
"Palmital","Palmital","-22.7889","-50.2175","Brazil","BR","BRA","São Paulo","minor","22094","1076414022"
"São José do Rio Preto","Sao Jose do Rio Preto","-22.1508","-42.9239","Brazil","BR","BRA","Rio de Janeiro","minor","22080","1076054685"
"Itaiópolis","Itaiopolis","-26.3358","-49.9058","Brazil","BR","BRA","Santa Catarina","minor","22051","1076429298"
"Ceres","Ceres","-15.3078","-49.5978","Brazil","BR","BRA","Goiás","minor","22046","1076087042"
"Ecoporanga","Ecoporanga","-18.3728","-40.8308","Brazil","BR","BRA","Espírito Santo","minor","21992","1076291520"
"Pinhalzinho","Pinhalzinho","-26.8478","-52.9919","Brazil","BR","BRA","Santa Catarina","minor","21972","1076938611"
"Iracemápolis","Iracemapolis","-22.5808","-47.5189","Brazil","BR","BRA","São Paulo","minor","21967","1076095020"
"Vertentes","Vertentes","-7.9028","-35.9878","Brazil","BR","BRA","Pernambuco","minor","21959","1076000487"
"Sêrro","Serro","-18.6044","-43.3794","Brazil","BR","BRA","Minas Gerais","minor","21952","1076331667"
"Diamantino","Diamantino","-14.4089","-56.4458","Brazil","BR","BRA","Mato Grosso","minor","21941","1076901088"
"Ituberá","Itubera","-13.7319","-39.1489","Brazil","BR","BRA","Bahia","minor","21902","1076882481"
"São Miguel do Araguaia","Sao Miguel do Araguaia","-13.2750","-50.1628","Brazil","BR","BRA","Goiás","minor","21900","1076063801"
"São Francisco de Paula","Sao Francisco de Paula","-29.4478","-50.5839","Brazil","BR","BRA","Rio Grande do Sul","minor","21893","1076280018"
"Muzambinho","Muzambinho","-21.3758","-46.5258","Brazil","BR","BRA","Minas Gerais","minor","21891","1076230022"
"Pio XII","Pio XII","-3.8939","-45.1700","Brazil","BR","BRA","Maranhão","minor","21886","1076588816"
"Mata Grande","Mata Grande","-9.1178","-37.7339","Brazil","BR","BRA","Alagoas","minor","21844","1076215597"
"Orobó","Orobo","-7.7450","-35.6019","Brazil","BR","BRA","Pernambuco","minor","21808","1076292886"
"Palmas de Monte Alto","Palmas de Monte Alto","-14.2672","-43.1619","Brazil","BR","BRA","Bahia","minor","21796","1076381491"
"Poço Verde","Poco Verde","-10.7078","-38.1828","Brazil","BR","BRA","Sergipe","minor","21794","1076944490"
"Miguelópolis","Miguelopolis","-20.1794","-48.0319","Brazil","BR","BRA","São Paulo","minor","21728","1076327986"
"Erval d’Oeste","Erval d'Oeste","-27.1939","-51.4950","Brazil","BR","BRA","Santa Catarina","minor","21724","1076008886"
"Guapiaçu","Guapiacu","-20.7950","-49.2200","Brazil","BR","BRA","São Paulo","minor","21711","1076397497"
"Assaré","Assare","-6.8739","-39.8750","Brazil","BR","BRA","Ceará","minor","21697","1076082622"
"Paramirim","Paramirim","-13.4425","-42.2389","Brazil","BR","BRA","Bahia","minor","21695","1076772548"
"Ibicaraí","Ibicarai","-14.8650","-39.5878","Brazil","BR","BRA","Bahia","minor","21665","1076929128"
"Piraí do Sul","Pirai do Sul","-24.5258","-49.9489","Brazil","BR","BRA","Paraná","minor","21647","1076395519"
"Riachão das Neves","Riachao das Neves","-11.7458","-44.9100","Brazil","BR","BRA","Bahia","minor","21642","1076225070"
"São Miguel do Guaporé","Sao Miguel do Guapore","-11.6936","-62.7114","Brazil","BR","BRA","Rondônia","minor","21635","1076548430"
"Bela Vista","Bela Vista","-22.1089","-56.5208","Brazil","BR","BRA","Mato Grosso do Sul","minor","21613","1076965093"
"Paraguaçu","Paraguacu","-21.5331","-45.7664","Brazil","BR","BRA","Minas Gerais","minor","21605","1076438228"
"Ibirubá","Ibiruba","-28.6278","-53.0900","Brazil","BR","BRA","Rio Grande do Sul","minor","21583","1076502864"
"Pancas","Pancas","-19.2250","-40.8508","Brazil","BR","BRA","Espírito Santo","minor","21548","1076691599"
"Ladário","Ladario","-19.0050","-57.6019","Brazil","BR","BRA","Mato Grosso do Sul","minor","21522","1076116467"
"Mari","Mari","-7.0600","-35.3189","Brazil","BR","BRA","Paraíba","minor","21512","1076164714"
"Bastos","Bastos","-21.9167","-50.7333","Brazil","BR","BRA","São Paulo","minor","21503","1076067823"
"Parelhas","Parelhas","-6.6878","-36.6578","Brazil","BR","BRA","Rio Grande do Norte","minor","21499","1076603835"
"Boquira","Boquira","-12.8231","-42.7306","Brazil","BR","BRA","Bahia","minor","21497","1076113400"
"Alta Floresta D’Oeste","Alta Floresta D'Oeste","-11.9283","-61.9950","Brazil","BR","BRA","Rondônia","minor","21494","1076909732"
"Iguaí","Iguai","-14.7558","-40.0889","Brazil","BR","BRA","Bahia","minor","21491","1076176449"
"Nhamundá","Nhamunda","-2.1861","-56.7131","Brazil","BR","BRA","Amazonas","minor","21443","1076418792"
"Tambaú","Tambau","-21.7050","-47.2739","Brazil","BR","BRA","São Paulo","minor","21435","1076693852"
"Icapuí","Icapui","-4.7128","-37.3550","Brazil","BR","BRA","Ceará","minor","21433","1076044924"
"Feira Nova","Feira Nova","-7.9508","-35.3889","Brazil","BR","BRA","Pernambuco","minor","21427","1076002906"
"São João do Piauí","Sao Joao do Piaui","-8.3578","-42.2469","Brazil","BR","BRA","Piauí","minor","21421","1076131046"
"Uruçuca","Urucuca","-14.5928","-39.2839","Brazil","BR","BRA","Bahia","minor","21420","1076099811"
"Jandaia do Sul","Jandaia do Sul","-23.6028","-51.6428","Brazil","BR","BRA","Paraná","minor","21408","1076619857"
"Perdões","Perdoes","-21.0908","-45.0908","Brazil","BR","BRA","Minas Gerais","minor","21384","1076957512"
"Igreja Nova","Igreja Nova","-10.1253","-36.6619","Brazil","BR","BRA","Alagoas","minor","21372","1076657948"
"Silva Jardim","Silva Jardim","-22.6508","-42.3919","Brazil","BR","BRA","Rio de Janeiro","minor","21352","1076211429"
"São João","Sao Joao","-8.8756","-36.3667","Brazil","BR","BRA","Pernambuco","minor","21312","1076391297"
"Rolante","Rolante","-29.6508","-50.5758","Brazil","BR","BRA","Rio Grande do Sul","minor","21253","1076821052"
"São Sepé","Sao Sepe","-30.1608","-53.5650","Brazil","BR","BRA","Rio Grande do Sul","minor","21219","1076826234"
"Lucélia","Lucelia","-21.7203","-51.0189","Brazil","BR","BRA","São Paulo","minor","21196","1076675967"
"Caaporã","Caapora","-7.5158","-34.9078","Brazil","BR","BRA","Paraíba","minor","21193","1076003332"
"Boca da Mata","Boca da Mata","-9.6408","-36.2200","Brazil","BR","BRA","Alagoas","minor","21187","1076171767"
"Maracaçumé","Maracacume","-2.0428","-45.9589","Brazil","BR","BRA","Maranhão","minor","21149","1076686311"
"Princesa Isabel","Princesa Isabel","-7.7369","-37.9928","Brazil","BR","BRA","Paraíba","minor","21114","1076459483"
"Conceição de Macabu","Conceicao de Macabu","-22.0850","-41.8678","Brazil","BR","BRA","Rio de Janeiro","minor","21104","1076769860"
"Itapaci","Itapaci","-14.9508","-49.5489","Brazil","BR","BRA","Goiás","minor","21087","1076617885"
"São Marcos","Sao Marcos","-28.9708","-51.0678","Brazil","BR","BRA","Rio Grande do Sul","minor","21084","1076872375"
"Melgaço","Melgaco","-1.8039","-50.7119","Brazil","BR","BRA","Pará","minor","21064","1076524502"
"Palmeiras","Palmeiras","-2.6450","-44.8950","Brazil","BR","BRA","Maranhão","","21059","1076244098"
"Caxambu","Caxambu","-21.9769","-44.9328","Brazil","BR","BRA","Minas Gerais","minor","21056","1076000185"
"Paulistana","Paulistana","-8.1439","-41.1500","Brazil","BR","BRA","Piauí","minor","21055","1076742398"
"Laje","Laje","-13.1819","-39.4250","Brazil","BR","BRA","Bahia","minor","21052","1076078373"
"Itapecerica","Itapecerica","-20.4728","-45.1258","Brazil","BR","BRA","Minas Gerais","minor","21046","1076261582"
"Itambacuri","Itambacuri","-18.0364","-41.6830","Brazil","BR","BRA","Minas Gerais","minor","21042","1076323547"
"Mirador","Mirador","-6.3708","-44.3628","Brazil","BR","BRA","Maranhão","minor","21030","1076000972"
"São Jerônimo","Sao Jeronimo","-29.9589","-51.7219","Brazil","BR","BRA","Rio Grande do Sul","minor","21028","1076728230"
"Tanhaçu","Tanhacu","-14.0208","-41.2478","Brazil","BR","BRA","Bahia","minor","21006","1076735805"
"Cassilândia","Cassilandia","-19.1128","-51.7339","Brazil","BR","BRA","Mato Grosso do Sul","minor","20988","1076404532"
"Capela do Alto","Capela do Alto","-23.4706","-47.7347","Brazil","BR","BRA","São Paulo","minor","20985","1076545027"
"Santa Vitória","Santa Vitoria","-18.8389","-50.1208","Brazil","BR","BRA","Minas Gerais","minor","20973","1076319430"
"Caracaraí","Caracarai","1.8158","-61.1278","Brazil","BR","BRA","Roraima","minor","20957","1076314585"
"Carmo do Rio Claro","Carmo do Rio Claro","-20.9731","-46.1189","Brazil","BR","BRA","Minas Gerais","minor","20954","1076819558"
"Pacatu","Pacatu","-11.9578","-38.9750","Brazil","BR","BRA","Bahia","minor","20952","1076255229"
"Alagoa Nova","Alagoa Nova","-7.0708","-35.7583","Brazil","BR","BRA","Paraíba","minor","20921","1076318882"
"Guará","Guara","-20.4283","-47.8242","Brazil","BR","BRA","São Paulo","minor","20911","1076888362"
"Monte Santo de Minas","Monte Santo de Minas","-21.1900","-46.9800","Brazil","BR","BRA","Minas Gerais","minor","20890","1076791401"
"Quixeré","Quixere","-5.0739","-37.9889","Brazil","BR","BRA","Ceará","minor","20874","1076686573"
"Lajinha","Lajinha","-20.1508","-41.6228","Brazil","BR","BRA","Minas Gerais","minor","20835","1076832869"
"Junqueirópolis","Junqueiropolis","-21.5147","-51.4336","Brazil","BR","BRA","São Paulo","minor","20831","1076673647"
"Conselheiro Pena","Conselheiro Pena","-19.1719","-41.4719","Brazil","BR","BRA","Minas Gerais","minor","20824","1076535135"
"São José da Laje","Sao Jose da Laje","-9.0100","-36.0578","Brazil","BR","BRA","Alagoas","minor","20813","1076054704"
"Tupanatinga","Tupanatinga","-8.7528","-37.3400","Brazil","BR","BRA","Pernambuco","minor","20801","1076649310"
"Conceição da Feira","Conceicao da Feira","-12.5058","-38.9989","Brazil","BR","BRA","Bahia","minor","20800","1076395046"
"Ibicoara","Ibicoara","-13.4108","-41.2850","Brazil","BR","BRA","Bahia","minor","20785","1076421535"
"Cordeiro","Cordeiro","-22.0289","-42.3608","Brazil","BR","BRA","Rio de Janeiro","minor","20783","1076177058"
"Chaves","Chaves","-0.1600","-49.9878","Brazil","BR","BRA","Pará","minor","20757","1076482622"
"Beruri","Beruri","-3.9022","-61.3714","Brazil","BR","BRA","Amazonas","minor","20718","1076241200"
"Oliveira dos Brejinhos","Oliveira dos Brejinhos","-12.3169","-42.8958","Brazil","BR","BRA","Bahia","minor","20715","1076923541"
"Divino","Divino","-20.6139","-42.1489","Brazil","BR","BRA","Minas Gerais","minor","20706","1076414519"
"São João Batista","Sao Joao Batista","-2.9553","-44.8069","Brazil","BR","BRA","Maranhão","minor","20701","1076543208"
"Guaratinga","Guaratinga","-16.5856","-39.7819","Brazil","BR","BRA","Bahia","minor","20700","1076729766"
"Campestre","Campestre","-21.7108","-46.2458","Brazil","BR","BRA","Minas Gerais","minor","20696","1076284455"
"Olho d’Água das Flores","Olho d'Agua das Flores","-9.5358","-37.2939","Brazil","BR","BRA","Alagoas","minor","20695","1076043896"
"São João de Pirabas","Sao Joao de Pirabas","-0.7689","-47.1739","Brazil","BR","BRA","Pará","","20689","1076536958"
"Altinho","Altinho","-8.4900","-36.0589","Brazil","BR","BRA","Pernambuco","minor","20674","1076882089"
"Lagoa do Itaenga","Lagoa do Itaenga","-7.9167","-35.3333","Brazil","BR","BRA","Pernambuco","","20659","1076975552"
"Santa Teresa","Santa Teresa","-19.9358","-40.6000","Brazil","BR","BRA","Espírito Santo","minor","20622","1076719847"
"Maraú","Marau","-14.1039","-39.0149","Brazil","BR","BRA","Bahia","minor","20617","1076616022"
"Chã Grande","Cha Grande","-8.2378","-35.4619","Brazil","BR","BRA","Pernambuco","minor","20546","1076188673"
"Carlos Barbosa","Carlos Barbosa","-29.2978","-51.5039","Brazil","BR","BRA","Rio Grande do Sul","minor","20519","1076670550"
"Capanema","Capanema","-25.6719","-53.8089","Brazil","BR","BRA","Paraná","minor","20481","1076374663"
"Peritoró","Peritoro","-4.3828","-44.3328","Brazil","BR","BRA","Maranhão","minor","20479","1076656373"
"Paraisópolis","Paraisopolis","-22.5539","-45.7800","Brazil","BR","BRA","Minas Gerais","minor","20445","1076153372"
"Conde","Conde","-11.8139","-37.6108","Brazil","BR","BRA","Bahia","minor","20426","1076912261"
"Itatira","Itatira","-4.6072","-39.6541","Brazil","BR","BRA","Ceará","minor","20424","1076647761"
"Lambari","Lambari","-21.9758","-45.3500","Brazil","BR","BRA","Minas Gerais","minor","20414","1076960133"
"Campo Magro","Campo Magro","-25.3689","-49.4508","Brazil","BR","BRA","Paraná","minor","20409","1076716501"
"Jaboticatubas","Jaboticatubas","-19.5139","-43.7450","Brazil","BR","BRA","Minas Gerais","minor","20406","1076147511"
"Buritis","Buritis","-15.6178","-46.4228","Brazil","BR","BRA","Minas Gerais","minor","20396","1076783642"
"Jaguaruna","Jaguaruna","-28.6150","-49.0258","Brazil","BR","BRA","Santa Catarina","minor","20375","1076644928"
"Porto Real","Porto Real","-22.4200","-44.2900","Brazil","BR","BRA","Rio de Janeiro","minor","20373","1076140508"
"Flores","Flores","-7.8658","-37.9750","Brazil","BR","BRA","Pernambuco","minor","20347","1076955448"
"Monte Azul","Monte Azul","-15.1553","-42.8589","Brazil","BR","BRA","Minas Gerais","minor","20328","1076346009"
"São Felipe","Sao Felipe","-12.8469","-39.0889","Brazil","BR","BRA","Bahia","minor","20283","1076363237"
"Salgado","Salgado","-11.0319","-37.4750","Brazil","BR","BRA","Sergipe","minor","20279","1076036946"
"Cândido Mendes","Candido Mendes","-1.4467","-45.7167","Brazil","BR","BRA","Maranhão","minor","20278","1076905087"
"Chorozinho","Chorozinho","-4.3003","-38.4978","Brazil","BR","BRA","Ceará","minor","20274","1076780139"
"Ervália","Ervalia","-20.8400","-42.6569","Brazil","BR","BRA","Minas Gerais","minor","20255","1076582850"
"Parnamirim","Parnamirim","-8.0906","-39.5783","Brazil","BR","BRA","Pernambuco","minor","20224","1076703866"
"Pompéia","Pompeia","-22.1089","-50.1719","Brazil","BR","BRA","São Paulo","minor","20196","1076663020"
"Uruburetama","Uruburetama","-3.6250","-39.5078","Brazil","BR","BRA","Ceará","minor","20189","1076255613"
"Monte Alegre de Minas","Monte Alegre de Minas","-18.8708","-48.8808","Brazil","BR","BRA","Minas Gerais","minor","20170","1076152420"
"Medina","Medina","-16.2228","-41.4769","Brazil","BR","BRA","Minas Gerais","minor","20156","1076322819"
"Regente Feijó","Regente Feijo","-22.2208","-51.3028","Brazil","BR","BRA","São Paulo","minor","20145","1076508194"
"Aquidabã","Aquidaba","-10.2833","-37.0333","Brazil","BR","BRA","Sergipe","minor","20131","1076336875"
"Turmalina","Turmalina","-17.2856","-42.7300","Brazil","BR","BRA","Minas Gerais","minor","20125","1076799551"
"Belmonte","Belmonte","-15.8628","-38.8828","Brazil","BR","BRA","Bahia","minor","20121","1076000416"
"Caravelas","Caravelas","-17.7319","-39.2658","Brazil","BR","BRA","Bahia","minor","20103","1076667484"
"Piatã","Piata","-13.1519","-41.7728","Brazil","BR","BRA","Bahia","minor","20086","1076965832"
"Barroso","Barroso","-21.1869","-43.9758","Brazil","BR","BRA","Minas Gerais","minor","20080","1076577038"
"Schroeder","Schroeder","-26.4128","-49.0728","Brazil","BR","BRA","Santa Catarina","minor","20061","1076396669"
"Mutuípe","Mutuipe","-13.2289","-39.5050","Brazil","BR","BRA","Bahia","minor","20037","1076000638"
"São Joaquim do Monte","Sao Joaquim do Monte","-8.4319","-35.8039","Brazil","BR","BRA","Pernambuco","minor","20037","1076649573"
"Manhumirim","Manhumirim","-20.3578","-41.9578","Brazil","BR","BRA","Minas Gerais","minor","20025","1076127364"
"Presidente Getúlio","Presidente Getulio","-27.0508","-49.6228","Brazil","BR","BRA","Santa Catarina","minor","20010","1076724781"
"Rio Formoso","Rio Formoso","-8.6639","-35.1589","Brazil","BR","BRA","Pernambuco","minor","20009","1076850628"
"Tupanciretã","Tupancireta","-29.0808","-53.8358","Brazil","BR","BRA","Rio Grande do Sul","minor","20005","1076364387"
"Coreaú","Coreau","-3.5328","-40.6569","Brazil","BR","BRA","Ceará","minor","19981","1076455548"
"Vazante","Vazante","-17.9869","-46.9078","Brazil","BR","BRA","Minas Gerais","minor","19975","1076073984"
"Buri","Buri","-23.7975","-48.5928","Brazil","BR","BRA","São Paulo","minor","19965","1076684373"
"Tibagi","Tibagi","-24.5089","-50.4139","Brazil","BR","BRA","Paraná","minor","19961","1076856975"
"Alpinópolis","Alpinopolis","-20.8639","-46.3878","Brazil","BR","BRA","Minas Gerais","minor","19958","1076981643"
"Carira","Carira","-10.3581","-37.7008","Brazil","BR","BRA","Sergipe","minor","19939","1076945908"
"Cachoeirinha","Cachoeirinha","-8.4858","-36.2328","Brazil","BR","BRA","Pernambuco","minor","19899","1076462006"
"Vila Rica","Vila Rica","-10.0119","-51.1158","Brazil","BR","BRA","Mato Grosso","minor","19888","1076540734"
"Guatuba","Guatuba","-4.0400","-38.6369","Brazil","BR","BRA","Ceará","","19884","1076369856"
"Andirá","Andira","-23.0508","-50.2289","Brazil","BR","BRA","Paraná","minor","19878","1076197418"
"Castilho","Castilho","-20.8722","-51.4875","Brazil","BR","BRA","São Paulo","minor","19873","1076553673"
"Ibirama","Ibirama","-27.0569","-49.5178","Brazil","BR","BRA","Santa Catarina","minor","19862","1076103738"
"Rio Verde de Mato Grosso","Rio Verde de Mato Grosso","-18.9178","-54.8439","Brazil","BR","BRA","Mato Grosso do Sul","minor","19818","1076408568"
"Pradópolis","Pradopolis","-21.3594","-48.0656","Brazil","BR","BRA","São Paulo","minor","19814","1076557864"
"Remígio","Remigio","-6.9660","-35.7951","Brazil","BR","BRA","Paraíba","minor","19798","1076104927"
"Itaparica","Itaparica","-12.8878","-38.6789","Brazil","BR","BRA","Bahia","minor","19789","1076639827"
"Rubiataba","Rubiataba","-15.1639","-49.8028","Brazil","BR","BRA","Goiás","minor","19788","1076760210"
"Araripe","Araripe","-7.2128","-40.0458","Brazil","BR","BRA","Ceará","minor","19783","1076163103"
"Senador Guiomard","Senador Guiomard","-10.1497","-67.7374","Brazil","BR","BRA","Acre","minor","19761","1076352899"
"Simonésia","Simonesia","-20.1239","-42.0008","Brazil","BR","BRA","Minas Gerais","minor","19750","1076773579"
"Três Barras","Tres Barras","-26.1058","-50.3219","Brazil","BR","BRA","Santa Catarina","minor","19746","1076248669"
"Itatinga","Itatinga","-23.1017","-48.6158","Brazil","BR","BRA","São Paulo","minor","19738","1076066003"
"Crisópolis","Crisopolis","-11.5108","-38.1500","Brazil","BR","BRA","Bahia","minor","19729","1076853607"
"Cuité","Cuite","-6.4850","-36.1569","Brazil","BR","BRA","Paraíba","minor","19719","1076189452"
"Castelo do Piauí","Castelo do Piaui","-5.3222","-41.5525","Brazil","BR","BRA","Piauí","minor","19715","1076388877"
"Orós","Oros","-6.2439","-38.9139","Brazil","BR","BRA","Ceará","minor","19675","1076430062"
"Buriti dos Lopes","Buriti dos Lopes","-3.1750","-41.8669","Brazil","BR","BRA","Piauí","minor","19654","1076651757"
"São Lourenço d’Oeste","Sao Lourenco d'Oeste","-26.3589","-52.8508","Brazil","BR","BRA","Santa Catarina","minor","19647","1076967132"
"Ampère","Ampere","-25.9150","-53.4728","Brazil","BR","BRA","Paraná","minor","19620","1076399065"
"Tapauá","Tapaua","-5.6278","-63.1828","Brazil","BR","BRA","Amazonas","minor","19599","1076687241"
"Xapuri","Xapuri","-10.6517","-68.5044","Brazil","BR","BRA","Acre","minor","19596","1076525025"
"Buritirama","Buritirama","-10.7078","-43.6308","Brazil","BR","BRA","Bahia","minor","19589","1076008986"
"Bequimão","Bequimao","-2.4489","-44.7828","Brazil","BR","BRA","Maranhão","minor","19584","1076416411"
"Extremoz","Extremoz","-5.7058","-35.3069","Brazil","BR","BRA","Rio Grande do Norte","minor","19572","1076180911"
"Caraí","Carai","-17.1889","-41.6950","Brazil","BR","BRA","Minas Gerais","minor","19548","1076396807"
"Guapó","Guapo","-16.8308","-49.5319","Brazil","BR","BRA","Goiás","minor","19545","1076785734"
"Jacaré","Jacare","-18.9058","-40.0758","Brazil","BR","BRA","Espírito Santo","minor","19539","1076355276"
"Ipanema","Ipanema","-19.8008","-41.7128","Brazil","BR","BRA","Minas Gerais","minor","19522","1076328318"
"Pauini","Pauini","-7.7136","-66.9764","Brazil","BR","BRA","Amazonas","minor","19522","1076909875"
"São Vicente Ferrer","Sao Vicente Ferrer","-2.8939","-44.8800","Brazil","BR","BRA","Maranhão","minor","19498","1076834299"
"Nova Granada","Nova Granada","-20.5339","-49.3139","Brazil","BR","BRA","São Paulo","minor","19419","1076239207"
"Pariquera-Açu","Pariquera-Acu","-24.7150","-47.8811","Brazil","BR","BRA","São Paulo","minor","19391","1076959622"
"Cantagalo","Cantagalo","-21.9808","-42.3678","Brazil","BR","BRA","Rio de Janeiro","minor","19390","1076919346"
"Alto Araguaia","Alto Araguaia","-17.3147","-53.2153","Brazil","BR","BRA","Mato Grosso","minor","19385","1076823641"
"Barro","Barro","-7.1769","-38.7819","Brazil","BR","BRA","Ceará","minor","19381","1076705196"
"Canto do Buriti","Canto do Buriti","-8.1100","-42.9439","Brazil","BR","BRA","Piauí","minor","19365","1076214871"
"Juquiá","Juquia","-24.3208","-47.6347","Brazil","BR","BRA","São Paulo","minor","19359","1076000755"
"Paranapanema","Paranapanema","-23.3886","-48.7228","Brazil","BR","BRA","São Paulo","minor","19357","1076413704"
"Presidente Médici","Presidente Medici","-11.1758","-61.9008","Brazil","BR","BRA","Rondônia","minor","19327","1076970693"
"Mâncio Lima","Mancio Lima","-7.6142","-72.8958","Brazil","BR","BRA","Acre","minor","19311","1076586312"
"Monte Azul Paulista","Monte Azul Paulista","-20.9072","-48.6414","Brazil","BR","BRA","São Paulo","minor","19304","1076549080"
"Marechal Taumaturgo","Marechal Taumaturgo","-8.9411","-72.7917","Brazil","BR","BRA","Acre","minor","19299","1076754206"
"Pitimbu","Pitimbu","-7.4706","-34.8086","Brazil","BR","BRA","Paraíba","minor","19275","1076000940"
"Tonantins","Tonantins","-2.8728","-67.8019","Brazil","BR","BRA","Amazonas","minor","19247","1076820908"
"Realeza","Realeza","-25.7669","-53.5269","Brazil","BR","BRA","Paraná","minor","19247","1076096900"
"Araçoiaba","Aracoiaba","-7.7900","-35.0908","Brazil","BR","BRA","Pernambuco","minor","19243","1076400121"
"Ibatiba","Ibatiba","-20.2364","-41.5092","Brazil","BR","BRA","Espírito Santo","minor","19210","1076060126"
"Venceslau Brás","Venceslau Bras","-23.8739","-49.8028","Brazil","BR","BRA","Paraná","minor","19188","1076893180"
"Jaicós","Jaicos","-7.3592","-41.1378","Brazil","BR","BRA","Piauí","minor","19170","1076153512"
"Cocos","Cocos","-14.1839","-44.5339","Brazil","BR","BRA","Bahia","minor","19151","1076142940"
"Papanduva","Papanduva","-26.3700","-50.1439","Brazil","BR","BRA","Santa Catarina","minor","19150","1076237146"
"Guaranésia","Guaranesia","-21.2989","-46.8028","Brazil","BR","BRA","Minas Gerais","minor","19150","1076203093"
"Passagem Franca","Passagem Franca","-6.1797","-43.7836","Brazil","BR","BRA","Maranhão","minor","19137","1076066063"
"Contenda","Contenda","-25.6758","-49.5350","Brazil","BR","BRA","Paraná","minor","19128","1076154987"
"Cerqueira César","Cerqueira Cesar","-23.0356","-49.1661","Brazil","BR","BRA","São Paulo","minor","19109","1076534225"
"Butiá","Butia","-30.1200","-51.9619","Brazil","BR","BRA","Rio Grande do Sul","minor","19084","1076641089"
"Chopinzinho","Chopinzinho","-25.8558","-52.5228","Brazil","BR","BRA","Paraná","minor","19083","1076299334"
"Pindobaçu","Pindobacu","-10.7428","-40.3628","Brazil","BR","BRA","Bahia","minor","19083","1076228908"
"São José de Piranhas","Sao Jose de Piranhas","-7.1208","-38.5019","Brazil","BR","BRA","Paraíba","minor","19067","1076773961"
"Taquarana","Taquarana","-9.6450","-36.4969","Brazil","BR","BRA","Alagoas","minor","19032","1076029137"
"Água Branca","Agua Branca","-9.2608","-37.9361","Brazil","BR","BRA","Alagoas","minor","19008","1076362239"
"Lagoa de Itaenga","Lagoa de Itaenga","-7.9358","-35.2900","Brazil","BR","BRA","Pernambuco","minor","19003","1076002753"
"Cafelândia","Cafelandia","-24.6178","-53.3200","Brazil","BR","BRA","Paraná","minor","18997","1076309402"
"Chapada dos Guimarães","Chapada dos Guimaraes","-15.4608","-55.7500","Brazil","BR","BRA","Mato Grosso","minor","18990","1076928999"
"Barão do Grajaú","Barao do Grajau","-6.7558","-43.0239","Brazil","BR","BRA","Maranhão","minor","18984","1076023877"
"Caconde","Caconde","-21.5289","-46.6439","Brazil","BR","BRA","São Paulo","minor","18976","1076573900"
"Baraúna","Barauna","-5.0800","-37.6169","Brazil","BR","BRA","Rio Grande do Norte","minor","18922","1076848828"
"Lagoa Formosa","Lagoa Formosa","-18.7789","-46.4078","Brazil","BR","BRA","Minas Gerais","minor","18904","1076465186"
"Guareí","Guarei","-23.3728","-48.1842","Brazil","BR","BRA","São Paulo","minor","18887","1076364248"
"Formoso do Araguaia","Formoso do Araguaia","-11.7969","-49.5289","Brazil","BR","BRA","Tocantins","minor","18881","1076817559"
"Conceição","Conceicao","-7.5619","-38.5089","Brazil","BR","BRA","Paraíba","minor","18860","1076029380"
"Horizontina","Horizontina","-27.6258","-54.3078","Brazil","BR","BRA","Rio Grande do Sul","minor","18851","1076684828"
"Varzelândia","Varzelandia","-15.7008","-44.0278","Brazil","BR","BRA","Minas Gerais","minor","18840","1076633098"
"Barcelos","Barcelos","-0.9750","-62.9239","Brazil","BR","BRA","Amazonas","minor","18834","1076105080"
"São José da Coroa Grande","Sao Jose da Coroa Grande","-8.8978","-35.1478","Brazil","BR","BRA","Pernambuco","minor","18825","1076387901"
"Caraúbas","Caraubas","-5.7928","-37.5569","Brazil","BR","BRA","Rio Grande do Norte","minor","18810","1076497520"
"Pastos Bons","Pastos Bons","-6.6019","-44.0769","Brazil","BR","BRA","Maranhão","minor","18802","1076108777"
"Ibirataia","Ibirataia","-14.0669","-39.6408","Brazil","BR","BRA","Bahia","minor","18792","1076392092"
"Terra Santa","Terra Santa","-2.1039","-56.4869","Brazil","BR","BRA","Pará","minor","18782","1076655629"
"Itajuípe","Itajuipe","-14.6778","-39.3750","Brazil","BR","BRA","Bahia","minor","18781","1076492773"
"Presidente Olegário","Presidente Olegario","-18.4178","-46.4178","Brazil","BR","BRA","Minas Gerais","minor","18765","1076631969"
"Altônia","Altonia","-23.8739","-53.9019","Brazil","BR","BRA","Paraná","minor","18742","1076528546"
"Aroeiras","Aroeiras","-7.5450","-35.7078","Brazil","BR","BRA","Paraíba","minor","18705","1076842868"
"Areia Branca","Areia Branca","-10.7578","-37.3153","Brazil","BR","BRA","Sergipe","minor","18686","1076722272"
"Afrânio","Afranio","-8.5000","-41.0000","Brazil","BR","BRA","Pernambuco","minor","18674","1076000646"
"São Raimundo das Mangabeiras","Sao Raimundo das Mangabeiras","-7.0219","-45.4808","Brazil","BR","BRA","Maranhão","minor","18672","1076826320"
"Carnaíba","Carnaiba","-7.8050","-37.7939","Brazil","BR","BRA","Pernambuco","minor","18644","1076801823"
"Ribeirão Branco","Ribeirao Branco","-24.2208","-48.7658","Brazil","BR","BRA","São Paulo","minor","18627","1076454991"
"Ubaíra","Ubaira","-13.2678","-39.6628","Brazil","BR","BRA","Bahia","minor","18626","1076435268"
"Sanharó","Sanharo","-8.3608","-36.5658","Brazil","BR","BRA","Pernambuco","minor","18624","1076875890"
"Seara","Seara","-27.1489","-52.3108","Brazil","BR","BRA","Santa Catarina","minor","18620","1076737843"
"Carlos Chagas","Carlos Chagas","-17.7028","-40.7658","Brazil","BR","BRA","Minas Gerais","minor","18615","1076618010"
"Reriutaba","Reriutaba","-4.1419","-40.5819","Brazil","BR","BRA","Ceará","minor","18606","1076183973"
"São Gabriel","Sao Gabriel","-11.2289","-41.9119","Brazil","BR","BRA","Bahia","minor","18600","1076679834"
"Miracema do Tocantins","Miracema do Tocantins","-9.5669","-48.3919","Brazil","BR","BRA","Tocantins","minor","18566","1076346229"
"Morros","Morros","-2.8639","-44.0389","Brazil","BR","BRA","Maranhão","minor","18554","1076928114"
"Miracatu","Miracatu","-24.2808","-47.4600","Brazil","BR","BRA","São Paulo","minor","18553","1076480292"
"Matipó","Matipo","-20.2839","-42.3408","Brazil","BR","BRA","Minas Gerais","minor","18552","1076369965"
"Morro da Fumaça","Morro da Fumaca","-28.6508","-49.2100","Brazil","BR","BRA","Santa Catarina","minor","18537","1076895972"
"Colina","Colina","-20.7136","-48.5411","Brazil","BR","BRA","São Paulo","minor","18535","1076416101"
"Madre de Deus","Madre de Deus","-12.7408","-38.6208","Brazil","BR","BRA","Bahia","minor","18504","1076769060"
"Anicuns","Anicuns","-16.4608","-49.9619","Brazil","BR","BRA","Goiás","minor","18503","1076386139"
"Potirendaba","Potirendaba","-21.0428","-49.3769","Brazil","BR","BRA","São Paulo","minor","18496","1076838060"
"Fátima","Fatima","-10.6000","-38.2169","Brazil","BR","BRA","Bahia","minor","18481","1076705268"
"Alcântara","Alcantara","-2.4089","-44.4150","Brazil","BR","BRA","Maranhão","minor","18467","1076650057"
"Pio IX","Pio IX","-6.8375","-40.5792","Brazil","BR","BRA","Piauí","minor","18459","1076863731"
"Lagoa da Canoa","Lagoa da Canoa","-9.8300","-36.7378","Brazil","BR","BRA","Alagoas","minor","18457","1076877725"
"Matelândia","Matelandia","-25.2408","-53.9958","Brazil","BR","BRA","Paraná","minor","18450","1076088305"
"Belo Campo","Belo Campo","-15.0378","-41.2600","Brazil","BR","BRA","Bahia","minor","18412","1076167389"
"Quitandinha","Quitandinha","-25.8719","-49.4978","Brazil","BR","BRA","Paraná","minor","18398","1076520293"
"Inhapi","Inhapi","-9.2214","-37.7486","Brazil","BR","BRA","Alagoas","minor","18392","1076122999"
"Aragarças","Aragarcas","-15.8978","-52.2508","Brazil","BR","BRA","Goiás","minor","18390","1076176600"
"Rio Maria","Rio Maria","-7.3108","-50.0478","Brazil","BR","BRA","Pará","minor","18384","1076042056"
"Itapororoca","Itapororoca","-6.8300","-35.2469","Brazil","BR","BRA","Paraíba","minor","18382","1076439855"
"Cesário Lange","Cesario Lange","-23.2267","-47.9531","Brazil","BR","BRA","São Paulo","minor","18375","1076669066"
"Baependi","Baependi","-21.9589","-44.8900","Brazil","BR","BRA","Minas Gerais","minor","18366","1076882694"
"São Benedito do Rio Preto","Sao Benedito do Rio Preto","-3.3339","-43.5278","Brazil","BR","BRA","Maranhão","minor","18364","1076042619"
"Porto Real do Colégio","Porto Real do Colegio","-10.1858","-36.8400","Brazil","BR","BRA","Alagoas","minor","18355","1076149221"
"Mirante do Paranapanema","Mirante do Paranapanema","-22.2919","-51.9064","Brazil","BR","BRA","São Paulo","minor","18338","1076182507"
"Capoeiras","Capoeiras","-8.7350","-36.6269","Brazil","BR","BRA","Pernambuco","minor","18338","1076140888"
"Picuí","Picui","-6.5550","-36.3489","Brazil","BR","BRA","Paraíba","minor","18333","1076876343"
"Riachão do Dantas","Riachao do Dantas","-11.0689","-37.7250","Brazil","BR","BRA","Sergipe","minor","18313","1076967515"
"Pontalina","Pontalina","-17.5258","-49.4489","Brazil","BR","BRA","Goiás","minor","18309","1076353153"
"Morretes","Morretes","-25.4769","-48.8339","Brazil","BR","BRA","Paraná","minor","18309","1076545302"
"Belém de São Francisco","Belem de Sao Francisco","-8.7578","-38.9639","Brazil","BR","BRA","Pernambuco","minor","18301","1076900718"
"Aveiro","Aveiro","-3.6058","-55.3319","Brazil","BR","BRA","Pará","minor","18290","1076478075"
"Paraibano","Paraibano","-6.4328","-43.9839","Brazil","BR","BRA","Maranhão","minor","18274","1076424207"
"Jussara","Jussara","-15.8650","-50.8678","Brazil","BR","BRA","Goiás","minor","18266","1076624380"
"Paraibuna","Paraibuna","-23.3861","-45.6622","Brazil","BR","BRA","São Paulo","minor","18263","1076100986"
"Luz","Luz","-19.8008","-45.6858","Brazil","BR","BRA","Minas Gerais","minor","18257","1076520575"
"Comodoro","Comodoro","-13.6593","-59.7941","Brazil","BR","BRA","Mato Grosso","minor","18238","1076826121"
"Júlio de Castilhos","Julio de Castilhos","-29.2269","-53.6819","Brazil","BR","BRA","Rio Grande do Sul","minor","18226","1076339588"
"Manga","Manga","-14.7558","-43.9322","Brazil","BR","BRA","Minas Gerais","minor","18226","1076922718"
"Baixa Grande","Baixa Grande","-11.9600","-40.1678","Brazil","BR","BRA","Bahia","minor","18220","1076238457"
"Nazaré Paulista","Nazare Paulista","-23.1808","-46.3950","Brazil","BR","BRA","São Paulo","minor","18217","1076428478"
"Farias Brito","Farias Brito","-6.9308","-39.5658","Brazil","BR","BRA","Ceará","minor","18217","1076558582"
"Gameleira","Gameleira","-8.5844","-35.3867","Brazil","BR","BRA","Pernambuco","minor","18214","1076789377"
"Serrita","Serrita","-7.9328","-39.2958","Brazil","BR","BRA","Pernambuco","minor","18207","1076395069"
"Amaraji","Amaraji","-8.3758","-35.4522","Brazil","BR","BRA","Pernambuco","minor","18205","1076105357"
"Solonópole","Solonopole","-5.7328","-39.0078","Brazil","BR","BRA","Ceará","minor","18179","1076012866"
"Ingá","Inga","-7.2808","-35.6044","Brazil","BR","BRA","Paraíba","minor","18144","1076947371"
"Riacho das Almas","Riacho das Almas","-8.1339","-35.6892","Brazil","BR","BRA","Pernambuco","minor","18142","1076029220"
"Una","Una","-15.2928","-39.0750","Brazil","BR","BRA","Bahia","minor","18131","1076665693"
"Itacaré","Itacare","-14.2778","-38.9969","Brazil","BR","BRA","Bahia","minor","18120","1076667564"
"Terra Roxa d’Oeste","Terra Roxa d'Oeste","-24.1667","-54.0833","Brazil","BR","BRA","Paraná","minor","18119","1076869704"
"Campos Belos","Campos Belos","-13.0369","-46.7719","Brazil","BR","BRA","Goiás","minor","18108","1076340789"
"Varjota","Varjota","-4.1939","-40.4769","Brazil","BR","BRA","Ceará","minor","18105","1076392050"
"Belterra","Belterra","-2.6358","-54.9369","Brazil","BR","BRA","Pará","minor","18099","1076386463"
"Antonina","Antonina","-25.4289","-48.7119","Brazil","BR","BRA","Paraná","minor","18091","1076700351"
"Água Azul do Norte","Agua Azul do Norte","-6.7908","-50.4669","Brazil","BR","BRA","Pará","minor","18080","1076912396"
"Pedra Preta","Pedra Preta","-16.6228","-54.4739","Brazil","BR","BRA","Mato Grosso","minor","18066","1076000176"
"Taperoá","Taperoa","-13.5378","-39.0989","Brazil","BR","BRA","Bahia","minor","18044","1076531500"
"Cristinápolis","Cristinapolis","-11.4756","-37.7553","Brazil","BR","BRA","Sergipe","minor","18029","1076000776"
"Itaberá","Itabera","-23.8619","-49.1372","Brazil","BR","BRA","São Paulo","minor","18015","1076280626"
"Fundão","Fundao","-19.9328","-40.4069","Brazil","BR","BRA","Espírito Santo","minor","18014","1076953629"
"Campina Verde","Campina Verde","-19.5358","-49.4858","Brazil","BR","BRA","Minas Gerais","minor","18011","1076800884"
"Serra Preta","Serra Preta","-12.1600","-39.3319","Brazil","BR","BRA","Bahia","minor","17996","1076184457"
"Lagoa do Carro","Lagoa do Carro","-7.8450","-35.3200","Brazil","BR","BRA","Pernambuco","minor","17981","1076947302"
"Antenor Navarro","Antenor Navarro","-6.7289","-38.4489","Brazil","BR","BRA","Paraíba","minor","17964","1076302575"
"Sapeaçu","Sapeacu","-12.7278","-39.1819","Brazil","BR","BRA","Bahia","minor","17963","1076513396"
"Santo Anastácio","Santo Anastacio","-21.9769","-51.6519","Brazil","BR","BRA","São Paulo","minor","17963","1076929183"
"Quipapá","Quipapa","-8.8278","-36.0119","Brazil","BR","BRA","Pernambuco","minor","17928","1076936377"
"Olho d’Água das Cunhãs","Olho d'Agua das Cunhas","-4.1389","-45.1200","Brazil","BR","BRA","Maranhão","minor","17919","1076622179"
"Ituaçu","Ituacu","-13.8128","-41.2969","Brazil","BR","BRA","Bahia","minor","17914","1076736927"
"Não-Me-Toque","Nao-Me-Toque","-28.4589","-52.8208","Brazil","BR","BRA","Rio Grande do Sul","minor","17898","1076179285"
"Filadélfia","Filadelfia","-10.7408","-40.1328","Brazil","BR","BRA","Bahia","minor","17897","1076975791"
"Guapiara","Guapiara","-24.1850","-48.5328","Brazil","BR","BRA","São Paulo","minor","17879","1076094869"
"Hidrolândia","Hidrolandia","-4.4078","-40.4378","Brazil","BR","BRA","Ceará","minor","17855","1076197318"
"Ourém","Ourem","-1.5478","-47.1189","Brazil","BR","BRA","Pará","minor","17855","1076169606"
"Pôrto Grande","Porto Grande","0.7128","-51.4128","Brazil","BR","BRA","Amapá","minor","17848","1076117009"
"Águas Formosas","Aguas Formosas","-17.0819","-40.9358","Brazil","BR","BRA","Minas Gerais","minor","17845","1076043870"
"Itapiúna","Itapiuna","-4.5639","-38.9219","Brazil","BR","BRA","Ceará","minor","17841","1076370750"
"São Luís Gonzaga do Maranhão","Sao Luis Gonzaga do Maranhao","-4.3800","-44.6700","Brazil","BR","BRA","Maranhão","minor","17818","1076739707"
"Itanhém","Itanhem","-17.1658","-40.3300","Brazil","BR","BRA","Bahia","minor","17813","1076490669"
"Jucurutu","Jucurutu","-6.0339","-37.0200","Brazil","BR","BRA","Rio Grande do Norte","minor","17793","1076172332"
"Cairu","Cairu","-13.4869","-39.0439","Brazil","BR","BRA","Bahia","minor","17761","1076381355"
"Dianópolis","Dianopolis","-11.6258","-46.8203","Brazil","BR","BRA","Tocantins","minor","17739","1076139135"
"Sapucaia","Sapucaia","-21.9950","-42.9139","Brazil","BR","BRA","Rio de Janeiro","minor","17729","1076318561"
"Pirapemas","Pirapemas","-3.7269","-44.2228","Brazil","BR","BRA","Maranhão","minor","17714","1076407329"
"Major Isidoro","Major Isidoro","-9.5319","-36.9850","Brazil","BR","BRA","Alagoas","minor","17700","1076827691"
"Mairi","Mairi","-11.7108","-40.1489","Brazil","BR","BRA","Bahia","minor","17674","1076746756"
"Jaguaripe","Jaguaripe","-13.1128","-38.8958","Brazil","BR","BRA","Bahia","minor","17659","1076014557"
"Pirapora do Bom Jesus","Pirapora do Bom Jesus","-23.3972","-47.0028","Brazil","BR","BRA","São Paulo","minor","17646","1076000099"
"São Miguel do Tapuio","Sao Miguel do Tapuio","-5.5036","-41.3233","Brazil","BR","BRA","Piauí","minor","17639","1076871034"
"Abaré","Abare","-8.7208","-39.1150","Brazil","BR","BRA","Bahia","minor","17639","1076490247"
"Cariré","Carire","-3.9508","-40.4728","Brazil","BR","BRA","Ceará","minor","17632","1076644740"
"São Francisco de Assis","Sao Francisco de Assis","-29.5500","-55.1308","Brazil","BR","BRA","Rio Grande do Sul","minor","17618","1076070438"
"Boqueirão","Boqueirao","-7.4819","-36.1350","Brazil","BR","BRA","Paraíba","minor","17598","1076458629"
"Ubaitaba","Ubaitaba","-14.3128","-39.3228","Brazil","BR","BRA","Bahia","minor","17596","1076532739"
"Água Branca","Agua Branca","-5.8900","-42.6378","Brazil","BR","BRA","Piauí","minor","17573","1076724006"
"Terra Boa","Terra Boa","-23.7678","-52.4439","Brazil","BR","BRA","Paraná","minor","17568","1076442933"
"Piritiba","Piritiba","-11.7300","-40.5550","Brazil","BR","BRA","Bahia","minor","17566","1076244219"
"Arroio Grande","Arroio Grande","-32.2378","-53.0869","Brazil","BR","BRA","Rio Grande do Sul","minor","17558","1076512343"
"Mandirituba","Mandirituba","-25.7789","-49.3258","Brazil","BR","BRA","Paraná","minor","17540","1076772401"
"Rio Bananal","Rio Bananal","-19.2650","-40.3333","Brazil","BR","BRA","Espírito Santo","minor","17530","1076670065"
"Malacacheta","Malacacheta","-17.8419","-42.0769","Brazil","BR","BRA","Minas Gerais","minor","17516","1076342419"
"Piratini","Piratini","-31.4478","-53.1039","Brazil","BR","BRA","Rio Grande do Sul","minor","17504","1076525146"
"Mendes","Mendes","-22.5269","-43.7328","Brazil","BR","BRA","Rio de Janeiro","minor","17502","1076845533"
"Cafelândia","Cafelandia","-21.8025","-49.6100","Brazil","BR","BRA","São Paulo","minor","17499","1076575289"
"Augustinópolis","Augustinopolis","-5.4658","-47.8878","Brazil","BR","BRA","Tocantins","minor","17484","1076224438"
"Croatá","Croata","-4.4000","-40.9108","Brazil","BR","BRA","Ceará","minor","17481","1076626638"
"Urucuia","Urucuia","-16.1328","-45.7419","Brazil","BR","BRA","Minas Gerais","minor","17479","1076674277"
"Umirim","Umirim","-3.6769","-39.3500","Brazil","BR","BRA","Ceará","minor","17470","1076894065"
"Corbélia","Corbelia","-24.7989","-53.3069","Brazil","BR","BRA","Paraná","minor","17470","1076405992"
"Pocinhos","Pocinhos","-7.0769","-36.0608","Brazil","BR","BRA","Paraíba","minor","17469","1076955414"
"Cafarnaum","Cafarnaum","-11.6939","-41.4678","Brazil","BR","BRA","Bahia","minor","17466","1076083831"
"Cruz do Espírito Santo","Cruz do Espirito Santo","-7.1400","-35.0864","Brazil","BR","BRA","Paraíba","minor","17461","1076291105"
"Peçanha","Pecanha","-18.5489","-42.5569","Brazil","BR","BRA","Minas Gerais","minor","17446","1076594698"
"Rio Pomba","Rio Pomba","-21.2750","-43.1789","Brazil","BR","BRA","Minas Gerais","minor","17443","1076797985"
"Nova Era","Nova Era","-19.7606","-43.0289","Brazil","BR","BRA","Minas Gerais","minor","17438","1076826150"
"Conceição do Mato Dentro","Conceicao do Mato Dentro","-19.0369","-43.4250","Brazil","BR","BRA","Minas Gerais","minor","17438","1076112656"
"Camocim de São Félix","Camocim de Sao Felix","-8.3589","-35.7619","Brazil","BR","BRA","Pernambuco","minor","17419","1076257336"
"Viradouro","Viradouro","-20.8728","-48.2969","Brazil","BR","BRA","São Paulo","minor","17414","1076583585"
"Borda da Mata","Borda da Mata","-22.2739","-46.1650","Brazil","BR","BRA","Minas Gerais","minor","17404","1076422233"
"Rio Claro","Rio Claro","-22.7228","-44.1358","Brazil","BR","BRA","Rio de Janeiro","minor","17401","1076913313"
"São Domingos do Prata","Sao Domingos do Prata","-19.8650","-42.9678","Brazil","BR","BRA","Minas Gerais","minor","17392","1076343054"
"Abelardo Luz","Abelardo Luz","-26.5650","-52.3278","Brazil","BR","BRA","Santa Catarina","minor","17392","1076575845"
"Vargem Alta","Vargem Alta","-20.6708","-41.0069","Brazil","BR","BRA","Espírito Santo","minor","17376","1076304593"
"Padre Paraíso","Padre Paraiso","-17.0719","-41.5239","Brazil","BR","BRA","Minas Gerais","minor","17334","1076628988"
"Muniz Freire","Muniz Freire","-20.4642","-41.4131","Brazil","BR","BRA","Espírito Santo","minor","17319","1076991967"
"Otacílio Costa","Otacilio Costa","-27.4828","-50.1219","Brazil","BR","BRA","Santa Catarina","minor","17312","1076112115"
"Mundo Novo","Mundo Novo","-11.8589","-40.4719","Brazil","BR","BRA","Bahia","minor","17305","1076708728"
"Fortim","Fortim","-4.4500","-37.7833","Brazil","BR","BRA","Ceará","minor","17294","1076247527"
"Porciúncula","Porciuncula","-20.9628","-42.0408","Brazil","BR","BRA","Rio de Janeiro","minor","17288","1076077917"
"Santo Antônio do Amparo","Santo Antonio do Amparo","-20.9458","-44.9189","Brazil","BR","BRA","Minas Gerais","minor","17285","1076950155"
"Arinos","Arinos","-15.9169","-46.1058","Brazil","BR","BRA","Minas Gerais","minor","17272","1076034909"
"Sengés","Senges","-24.1128","-49.4639","Brazil","BR","BRA","Paraná","minor","17270","1076152833"
"Montanha","Montanha","-18.1269","-40.3628","Brazil","BR","BRA","Espírito Santo","minor","17263","1076200143"
"Capistrano","Capistrano","-4.4700","-38.9008","Brazil","BR","BRA","Ceará","minor","17254","1076524750"
"Venturosa","Venturosa","-8.5747","-36.8742","Brazil","BR","BRA","Pernambuco","minor","17251","1076535367"
"Jaguaretama","Jaguaretama","-5.6128","-38.7669","Brazil","BR","BRA","Ceará","minor","17232","1076022624"
"Cipó","Cipo","-11.1000","-38.5169","Brazil","BR","BRA","Bahia","minor","17230","1076696194"
"Resplendor","Resplendor","-19.3258","-41.2550","Brazil","BR","BRA","Minas Gerais","minor","17226","1076246144"
"Lima Duarte","Lima Duarte","-21.8428","-43.7928","Brazil","BR","BRA","Minas Gerais","minor","17221","1076049970"
"Carnaubal","Carnaubal","-4.1669","-40.9428","Brazil","BR","BRA","Ceará","minor","17210","1076105679"
"Itacarambi","Itacarambi","-15.1019","-44.0919","Brazil","BR","BRA","Minas Gerais","minor","17208","1076622492"
"Carmo","Carmo","-21.9339","-42.6089","Brazil","BR","BRA","Rio de Janeiro","minor","17198","1076161057"
"Banabuiú","Banabuiu","-5.3100","-38.9208","Brazil","BR","BRA","Ceará","minor","17195","1076818292"
"Anori","Anori","-3.7728","-61.6442","Brazil","BR","BRA","Amazonas","minor","17194","1076651452"
"Araruna","Araruna","-6.5321","-35.7398","Brazil","BR","BRA","Paraíba","minor","17189","1076203959"
"Dormentes","Dormentes","-8.4469","-40.7708","Brazil","BR","BRA","Pernambuco","minor","17188","1076159651"
"Cacimba de Dentro","Cacimba de Dentro","-6.6417","-35.7900","Brazil","BR","BRA","Paraíba","minor","17178","1076408478"
"Sumé","Sume","-7.6719","-36.8800","Brazil","BR","BRA","Paraíba","minor","17166","1076446813"
"Conceição do Almeida","Conceicao do Almeida","-12.7794","-39.1700","Brazil","BR","BRA","Bahia","minor","17165","1076485799"
"Iati","Iati","-9.0458","-36.8458","Brazil","BR","BRA","Pernambuco","minor","17165","1076586652"
"Massaranduba","Massaranduba","-26.6108","-49.0078","Brazil","BR","BRA","Santa Catarina","minor","17162","1076435799"
"Poção de Pedras","Pocao de Pedras","-4.7500","-44.9333","Brazil","BR","BRA","Maranhão","minor","17161","1076851693"
"Itirapina","Itirapina","-22.2528","-47.8228","Brazil","BR","BRA","São Paulo","minor","17160","1076964066"
"Tanque Novo","Tanque Novo","-13.5458","-42.4908","Brazil","BR","BRA","Bahia","minor","17158","1076829439"
"Cássia","Cassia","-20.5828","-46.9219","Brazil","BR","BRA","Minas Gerais","minor","17155","1076905078"
"Tejuçuoca","Tejucuoca","-3.9889","-39.5808","Brazil","BR","BRA","Ceará","minor","17154","1076859044"
"Bom Sucesso","Bom Sucesso","-21.0328","-44.7578","Brazil","BR","BRA","Minas Gerais","minor","17151","1076350360"
"Perdizes","Perdizes","-19.3528","-47.2928","Brazil","BR","BRA","Minas Gerais","minor","17151","1076102684"
"Joaquim Gomes","Joaquim Gomes","-9.1328","-35.7478","Brazil","BR","BRA","Alagoas","minor","17150","1076186837"
"Monsenhor Tabosa","Monsenhor Tabosa","-4.7889","-40.0628","Brazil","BR","BRA","Ceará","minor","17149","1076361501"
"Ipaba","Ipaba","-19.4139","-42.4189","Brazil","BR","BRA","Minas Gerais","minor","17136","1076725503"
"Regeneração","Regeneracao","-6.2378","-42.6878","Brazil","BR","BRA","Piauí","minor","17133","1076132232"
"Correntes","Correntes","-9.1289","-36.3300","Brazil","BR","BRA","Pernambuco","minor","17131","1076224678"
"Novo Aripuanã","Novo Aripuana","-5.1214","-60.3806","Brazil","BR","BRA","Amazonas","minor","17119","1076527890"
"Manaquiri","Manaquiri","-3.4281","-60.4594","Brazil","BR","BRA","Amazonas","minor","17107","1076794192"
"Mata Roma","Mata Roma","-3.6250","-43.1108","Brazil","BR","BRA","Maranhão","minor","17090","1076418048"
"Elias Fausto","Elias Fausto","-23.0428","-47.3739","Brazil","BR","BRA","São Paulo","minor","17085","1076412113"
"Crixás","Crixas","-14.5489","-49.9689","Brazil","BR","BRA","Goiás","minor","17065","1076662218"
"Paulino Neves","Paulino Neves","-2.7189","-42.5328","Brazil","BR","BRA","Maranhão","minor","17056","1076830329"
"Condeúba","Condeuba","-14.8950","-41.9689","Brazil","BR","BRA","Bahia","minor","17053","1076228671"
"Itarantim","Itarantim","-15.6600","-40.0658","Brazil","BR","BRA","Bahia","minor","17052","1076145914"
"Porteiras","Porteiras","-7.5350","-39.1178","Brazil","BR","BRA","Ceará","minor","17050","1076933484"
"Ilhota","Ilhota","-26.9000","-48.8269","Brazil","BR","BRA","Santa Catarina","minor","17046","1076725454"
"Ribeirópolis","Ribeiropolis","-10.5389","-37.4361","Brazil","BR","BRA","Sergipe","minor","17033","1076522611"
"Barreira","Barreira","-4.2869","-38.6428","Brazil","BR","BRA","Ceará","minor","17024","1076309909"
"São Simão","Sao Simao","-19.0127","-50.6748","Brazil","BR","BRA","Goiás","minor","17020","1076642635"
"São Simão","Sao Simao","-18.9908","-50.5439","Brazil","BR","BRA","Goiás","","17020","1076231120"
"Piranga","Piranga","-20.6850","-43.3000","Brazil","BR","BRA","Minas Gerais","minor","17018","1076731478"
"Cariús","Carius","-6.5369","-39.4969","Brazil","BR","BRA","Ceará","minor","17015","1076668766"
"Macatuba","Macatuba","-22.5022","-48.7114","Brazil","BR","BRA","São Paulo","minor","17013","1076530289"
"Juazeirinho","Juazeirinho","-7.0678","-36.5778","Brazil","BR","BRA","Paraíba","minor","17007","1076068443"
"Brasnorte","Brasnorte","-12.1550","-57.9789","Brazil","BR","BRA","Mato Grosso","minor","17004","1076002867"
"Santo Antônio do Leverger","Santo Antonio do Leverger","-15.8656","-56.0767","Brazil","BR","BRA","Mato Grosso","minor","16999","1076851288"
"Itajobi","Itajobi","-21.3178","-49.0539","Brazil","BR","BRA","São Paulo","minor","16989","1076185056"
"Fortuna","Fortuna","-5.7328","-44.1578","Brazil","BR","BRA","Maranhão","minor","16976","1076197650"
"Ibititá","Ibitita","-11.5469","-41.9778","Brazil","BR","BRA","Bahia","minor","16969","1076591656"
"Serafina Corêa","Serafina Corea","-28.7119","-51.9350","Brazil","BR","BRA","Rio Grande do Sul","minor","16961","1076410679"
"Santana do Cariri","Santana do Cariri","-7.1878","-39.7369","Brazil","BR","BRA","Ceará","minor","16954","1076040650"
"Arroio do Meio","Arroio do Meio","-29.4008","-51.9450","Brazil","BR","BRA","Rio Grande do Sul","minor","16951","1076785789"
"Tibau do Sul","Tibau do Sul","-6.1869","-35.0919","Brazil","BR","BRA","Rio Grande do Norte","minor","16929","1076052971"
"Carlópolis","Carlopolis","-23.4250","-49.7208","Brazil","BR","BRA","Paraná","minor","16905","1076068355"
"Nova Petrópolis","Nova Petropolis","-29.3758","-51.1119","Brazil","BR","BRA","Rio Grande do Sul","minor","16891","1076513774"
"São João dos Poleiros","Sao Joao dos Poleiros","-5.1000","-43.8500","Brazil","BR","BRA","Maranhão","","16889","1076115863"
"Amarante","Amarante","-6.2408","-42.8550","Brazil","BR","BRA","Piauí","minor","16884","1076771383"
"Boa Vista do Tupim","Boa Vista do Tupim","-12.6600","-40.6089","Brazil","BR","BRA","Bahia","minor","16873","1076115228"
"Canutama","Canutama","-6.5339","-64.3828","Brazil","BR","BRA","Amazonas","minor","16869","1076453269"
"Japaratuba","Japaratuba","-10.5933","-36.9403","Brazil","BR","BRA","Sergipe","minor","16864","1076479545"
"São Paulo do Potengi","Sao Paulo do Potengi","-5.8950","-35.7628","Brazil","BR","BRA","Rio Grande do Norte","minor","16786","1076910967"
"Vila Bela da Santíssima Trindade","Vila Bela da Santissima Trindade","-15.0078","-59.9508","Brazil","BR","BRA","Mato Grosso","minor","16774","1076493823"
"Campo do Brito","Campo do Brito","-10.7333","-37.4933","Brazil","BR","BRA","Sergipe","minor","16749","1076269886"
"Água Clara","Agua Clara","-20.4500","-52.8667","Brazil","BR","BRA","Mato Grosso do Sul","minor","16741","1076035194"
"Ibitiara","Ibitiara","-12.6519","-42.2178","Brazil","BR","BRA","Bahia","minor","16699","1076577189"
"Pôrto Acre","Porto Acre","-9.5878","-67.5328","Brazil","BR","BRA","Acre","minor","16693","1076171692"
"São Vicente Férrer","Sao Vicente Ferrer","-7.5908","-35.4908","Brazil","BR","BRA","Pernambuco","minor","16677","1076047875"
"São Caetano de Odivelas","Sao Caetano de Odivelas","-0.7500","-48.0200","Brazil","BR","BRA","Pará","minor","16666","1076720948"
"Araçagi","Aracagi","-6.8528","-35.3808","Brazil","BR","BRA","Paraíba","minor","16646","1076975974"
"Itapiranga","Itapiranga","-27.1689","-53.7119","Brazil","BR","BRA","Santa Catarina","minor","16638","1076880830"
"Salitre","Salitre","-7.2839","-40.4606","Brazil","BR","BRA","Ceará","minor","16633","1076715103"
"Itororó","Itororo","-15.1169","-40.0700","Brazil","BR","BRA","Bahia","minor","16617","1076665799"
"Piquet Carneiro","Piquet Carneiro","-5.8039","-39.4178","Brazil","BR","BRA","Ceará","minor","16616","1076313017"
"Ibipeba","Ibipeba","-11.6408","-42.0108","Brazil","BR","BRA","Bahia","minor","16603","1076930608"
"Mangueirinha","Mangueirinha","-25.9408","-52.1758","Brazil","BR","BRA","Paraná","minor","16603","1076072805"
"Getúlio Vargas","Getulio Vargas","-27.8900","-52.2278","Brazil","BR","BRA","Rio Grande do Sul","minor","16602","1076576171"
"Buritama","Buritama","-21.0667","-50.1475","Brazil","BR","BRA","São Paulo","minor","16583","1076594548"
"Cidreira","Cidreira","-30.1811","-50.2056","Brazil","BR","BRA","Rio Grande do Sul","minor","16583","1076392597"
"Plácido de Castro","Placido de Castro","-10.2758","-67.1500","Brazil","BR","BRA","Acre","minor","16560","1076151388"
"Cabaceiras do Paraguaçu","Cabaceiras do Paraguacu","-12.5358","-39.1908","Brazil","BR","BRA","Bahia","minor","16559","1076654912"
"Itaquitinga","Itaquitinga","-7.6678","-35.1019","Brazil","BR","BRA","Pernambuco","minor","16554","1076330419"
"Indiaroba","Indiaroba","-11.5189","-37.5119","Brazil","BR","BRA","Sergipe","minor","16549","1076691419"
"Coaraci","Coaraci","-14.6408","-39.5511","Brazil","BR","BRA","Bahia","minor","16549","1076386969"
"Santa Maria das Barreiras","Santa Maria das Barreiras","-8.8550","-49.7219","Brazil","BR","BRA","Pará","minor","16548","1076324057"
"Pedregulho","Pedregulho","-20.2569","-47.4767","Brazil","BR","BRA","São Paulo","minor","16517","1076549433"
"Batalha","Batalha","-9.6778","-37.1247","Brazil","BR","BRA","Alagoas","minor","16448","1076863522"
"Encruzilhada","Encruzilhada","-15.5314","-40.9094","Brazil","BR","BRA","Bahia","minor","16446","1076905505"
"Piancó","Pianco","-7.1978","-37.9289","Brazil","BR","BRA","Paraíba","minor","16441","1076544994"
"Charqueada","Charqueada","-22.5097","-47.7781","Brazil","BR","BRA","São Paulo","minor","16440","1076382769"
"Neópolis","Neopolis","-10.3200","-36.5794","Brazil","BR","BRA","Sergipe","minor","16426","1076383247"
"Cajari","Cajari","-3.3208","-45.0108","Brazil","BR","BRA","Maranhão","minor","16412","1076208069"
"Belém","Belem","-6.7469","-35.5189","Brazil","BR","BRA","Paraíba","minor","16401","1076976694"
"Santa Margarida","Santa Margarida","-20.3839","-42.2508","Brazil","BR","BRA","Minas Gerais","minor","16395","1076005233"
"Passa Quatro","Passa Quatro","-22.3900","-44.9669","Brazil","BR","BRA","Minas Gerais","minor","16393","1076116679"
"Faxinal","Faxinal","-24.0008","-51.3200","Brazil","BR","BRA","Paraná","minor","16389","1076625413"
"Nova Resende","Nova Resende","-21.1258","-46.4200","Brazil","BR","BRA","Minas Gerais","minor","16387","1076349415"
"Caridade","Caridade","-4.2319","-39.1928","Brazil","BR","BRA","Ceará","minor","16377","1076485540"
"Barra de Santo Antônio","Barra de Santo Antonio","-9.4000","-35.5000","Brazil","BR","BRA","Alagoas","minor","16365","1076057177"
"Jussara","Jussara","-11.0469","-41.9689","Brazil","BR","BRA","Bahia","minor","16354","1076757344"
"Nova Olímpia","Nova Olimpia","-14.7969","-57.2878","Brazil","BR","BRA","Mato Grosso","minor","16352","1076561598"
"Central","Central","-11.1542","-42.0814","Brazil","BR","BRA","Bahia","minor","16348","1076870137"
"Sananduva","Sananduva","-27.9497","-51.8067","Brazil","BR","BRA","Rio Grande do Sul","minor","16328","1076687791"
"Tremedal","Tremedal","-14.9758","-41.4108","Brazil","BR","BRA","Bahia","minor","16296","1076525489"
"Bacuri","Bacuri","-1.7028","-45.1339","Brazil","BR","BRA","Maranhão","minor","16290","1076407593"
"Acarape","Acarape","-4.2242","-38.7083","Brazil","BR","BRA","Ceará","minor","16288","1076431033"
"São Francisco do Guaporé","Sao Francisco do Guapore","-12.0522","-63.5675","Brazil","BR","BRA","Rondônia","minor","16286","1076003388"
"Raposos","Raposos","-19.9669","-43.8039","Brazil","BR","BRA","Minas Gerais","minor","16279","1076085875"
"Utinga","Utinga","-12.0819","-41.0939","Brazil","BR","BRA","Bahia","minor","16277","1076977689"
"Taió","Taio","-27.1158","-49.9978","Brazil","BR","BRA","Santa Catarina","minor","16257","1076995333"
"Altinópolis","Altinopolis","-21.0231","-47.3728","Brazil","BR","BRA","São Paulo","minor","16203","1076728807"
"Águas de Lindóia","Aguas de Lindoia","-22.4758","-46.6328","Brazil","BR","BRA","São Paulo","minor","16190","1076621560"
"Tocantins","Tocantins","-21.1750","-43.0178","Brazil","BR","BRA","Minas Gerais","minor","16185","1076558658"
"Cêrro Azul","Cerro Azul","-24.8239","-49.2608","Brazil","BR","BRA","Paraná","minor","16134","1076319045"
"Canudos","Canudos","-9.9044","-39.1415","Brazil","BR","BRA","Bahia","minor","16105","1076987172"
"Jacupiranga","Jacupiranga","-24.6925","-48.0022","Brazil","BR","BRA","São Paulo","minor","16097","1076127392"
"Ubatã","Ubata","-14.2139","-39.5228","Brazil","BR","BRA","Bahia","minor","16094","1076839494"
"Fartura","Fartura","-23.3883","-49.5100","Brazil","BR","BRA","São Paulo","minor","16070","1076486558"
"Agudo","Agudo","-29.6450","-53.2400","Brazil","BR","BRA","Rio Grande do Sul","minor","16041","1076713609"
"Cajueiro","Cajueiro","-9.3967","-36.1536","Brazil","BR","BRA","Alagoas","minor","16024","1076808412"
"Giruá","Girua","-28.0278","-54.3500","Brazil","BR","BRA","Rio Grande do Sul","minor","16013","1076892905"
"Sátiro Dias","Satiro Dias","-11.6000","-38.6000","Brazil","BR","BRA","Bahia","minor","16008","1076994641"
"Urucará","Urucara","-2.5358","-57.7600","Brazil","BR","BRA","Amazonas","minor","16007","1076852276"
"Balneário do Rincão","Balneario do Rincao","-28.8344","-49.2361","Brazil","BR","BRA","Santa Catarina","minor","15981","1076217271"
"Cruz Machado","Cruz Machado","-26.0169","-51.3469","Brazil","BR","BRA","Paraná","minor","15978","1076000409"
"Campanha","Campanha","-21.8389","-45.3997","Brazil","BR","BRA","Minas Gerais","minor","15935","1076571008"
"Sertanópolis","Sertanopolis","-23.0589","-51.0358","Brazil","BR","BRA","Paraná","minor","15930","1076421900"
"Bom Jesus","Bom Jesus","-9.0739","-44.3589","Brazil","BR","BRA","Piauí","minor","15924","1076937557"
"Aporá","Apora","-11.6600","-38.0808","Brazil","BR","BRA","Bahia","minor","15922","1076481861"
"Cumaru","Cumaru","-8.0058","-35.6969","Brazil","BR","BRA","Pernambuco","minor","15920","1076365965"
"Alhandra","Alhandra","-7.3504","-34.9284","Brazil","BR","BRA","Paraíba","minor","15914","1076719161"
"Quixelô","Quixelo","-6.2539","-39.2019","Brazil","BR","BRA","Ceará","minor","15910","1076619844"
"Piaçabuçu","Piacabucu","-10.4086","-36.4339","Brazil","BR","BRA","Alagoas","minor","15908","1076666231"
"Marmeleiro","Marmeleiro","-26.1489","-53.0258","Brazil","BR","BRA","Paraná","minor","15901","1076581635"
"Cerejeiras","Cerejeiras","-13.1889","-60.8122","Brazil","BR","BRA","Rondônia","minor","15890","1076003552"
"Tapejara","Tapejara","-23.7328","-52.8728","Brazil","BR","BRA","Paraná","minor","15869","1076885443"
"Alvarães","Alvaraes","-3.2000","-64.8333","Brazil","BR","BRA","Amazonas","minor","15866","1076076112"
"Tupi Paulista","Tupi Paulista","-21.3808","-51.5708","Brazil","BR","BRA","São Paulo","minor","15854","1076679633"
"Bonito","Bonito","-11.9658","-41.2669","Brazil","BR","BRA","Bahia","minor","15844","1076286351"
"Jataúba","Jatauba","-7.9900","-36.4958","Brazil","BR","BRA","Pernambuco","minor","15843","1076599725"
"Tapiramutá","Tapiramuta","-11.8469","-40.7908","Brazil","BR","BRA","Bahia","minor","15818","1076220458"
"Colônia Leopoldina","Colonia Leopoldina","-8.9089","-35.7250","Brazil","BR","BRA","Alagoas","minor","15816","1076490767"
"Novo Airão","Novo Airao","-2.6208","-60.9439","Brazil","BR","BRA","Amazonas","minor","15761","1076092136"
"Iporã","Ipora","-24.0028","-53.7039","Brazil","BR","BRA","Paraná","minor","15746","1076130156"
"Itatim","Itatim","-12.7119","-39.6978","Brazil","BR","BRA","Bahia","minor","15737","1076003000"
"Santa Juliana","Santa Juliana","-19.3089","-47.5242","Brazil","BR","BRA","Minas Gerais","minor","15734","1076023766"
"Mirangaba","Mirangaba","-10.9539","-40.5758","Brazil","BR","BRA","Bahia","minor","15734","1076520621"
"Correia Pinto","Correia Pinto","-27.5850","-50.3608","Brazil","BR","BRA","Santa Catarina","minor","15727","1076381418"
"Orizona","Orizona","-17.0314","-48.2958","Brazil","BR","BRA","Goiás","minor","15725","1076705732"
"Campina da Lagoa","Campina da Lagoa","-24.5919","-52.7989","Brazil","BR","BRA","Paraná","minor","15723","1076525992"
"Maruim","Maruim","-10.7378","-37.0819","Brazil","BR","BRA","Sergipe","minor","15719","1076470942"
"Nova Brasilândia d’Oeste","Nova Brasilandia d'Oeste","-11.7197","-62.3158","Brazil","BR","BRA","Rondônia","minor","15679","1076575922"
"Colorado do Oeste","Colorado do Oeste","-13.1167","-60.5417","Brazil","BR","BRA","Rondônia","minor","15663","1076003360"
"Palmitos","Palmitos","-27.0678","-53.1608","Brazil","BR","BRA","Santa Catarina","minor","15626","1076113773"
"São Pedro do Sul","Sao Pedro do Sul","-29.6208","-54.1789","Brazil","BR","BRA","Rio Grande do Sul","minor","15577","1076597961"
"Ipuã","Ipua","-20.4381","-48.0122","Brazil","BR","BRA","São Paulo","minor","15567","1076410935"
"Canapi","Canapi","-9.1269","-37.6050","Brazil","BR","BRA","Alagoas","minor","15559","1076262890"
"Frei Paulo","Frei Paulo","-10.5494","-37.5344","Brazil","BR","BRA","Sergipe","minor","15556","1076780736"
"Santa Cecília","Santa Cecilia","-26.9608","-50.4269","Brazil","BR","BRA","Santa Catarina","minor","15546","1076643785"
"Bituruna","Bituruna","-26.1608","-51.5528","Brazil","BR","BRA","Paraná","minor","15533","1076922643"
"Barra Velha","Barra Velha","-26.6319","-48.6850","Brazil","BR","BRA","Santa Catarina","minor","15530","1076273407"
"Itariri","Itariri","-24.2888","-47.1332","Brazil","BR","BRA","São Paulo","minor","15528","1076020953"
"Igaporã","Igapora","-13.7728","-42.7139","Brazil","BR","BRA","Bahia","minor","15527","1076949627"
"Glória","Gloria","-9.3389","-38.2569","Brazil","BR","BRA","Bahia","","15524","1076000836"
"Nobres","Nobres","-14.7200","-56.3278","Brazil","BR","BRA","Mato Grosso","minor","15492","1076148553"
"Panorama","Panorama","-21.3564","-51.8600","Brazil","BR","BRA","São Paulo","minor","15458","1076525343"
"Rosário Oeste","Rosario Oeste","-14.8358","-56.4278","Brazil","BR","BRA","Mato Grosso","minor","15453","1076536709"
"Taperoá","Taperoa","-7.2075","-36.8267","Brazil","BR","BRA","Paraíba","minor","15441","1076037125"
"Estrela de Alagoas","Estrela de Alagoas","-9.3900","-36.7600","Brazil","BR","BRA","Alagoas","minor","15429","1076003459"
"Tururu","Tururu","-3.5808","-39.4369","Brazil","BR","BRA","Ceará","minor","15412","1076994637"
"Canarana I","Canarana I","-13.5500","-52.1658","Brazil","BR","BRA","Mato Grosso","","15408","1076002028"
"Messias","Messias","-9.3828","-35.8419","Brazil","BR","BRA","Alagoas","minor","15405","1076673417"
"Nova Olinda","Nova Olinda","-7.0919","-39.6808","Brazil","BR","BRA","Ceará","minor","15399","1076999604"
"Malhada","Malhada","-14.3358","-43.7739","Brazil","BR","BRA","Bahia","minor","15398","1076450063"
"Cruzília","Cruzilia","-21.8389","-44.8078","Brazil","BR","BRA","Minas Gerais","minor","15362","1076132930"
"Urandi","Urandi","-14.7708","-42.6550","Brazil","BR","BRA","Bahia","minor","15355","1076830751"
"Eldorado","Eldorado","-24.5200","-48.1081","Brazil","BR","BRA","São Paulo","minor","15339","1076129715"
"Jupi","Jupi","-8.7119","-36.4150","Brazil","BR","BRA","Pernambuco","minor","15329","1076087263"
"Inhuma","Inhuma","-6.6683","-41.7078","Brazil","BR","BRA","Piauí","minor","15319","1076479788"
"São João Evangelista","Sao Joao Evangelista","-18.5478","-42.7628","Brazil","BR","BRA","Minas Gerais","minor","15315","1076468674"
"Atalaia do Norte","Atalaia do Norte","-4.3719","-70.1919","Brazil","BR","BRA","Amazonas","minor","15314","1076017686"
"Itajibá","Itajiba","-14.2839","-39.8428","Brazil","BR","BRA","Bahia","minor","15310","1076600606"
"Uiraúna","Uirauna","-6.5183","-38.4122","Brazil","BR","BRA","Paraíba","minor","15300","1076023422"
"Guamaré","Guamare","-5.0950","-36.3250","Brazil","BR","BRA","Rio Grande do Norte","minor","15295","1076393739"
"Lagoa da Confusão","Lagoa da Confusao","-10.7939","-49.6239","Brazil","BR","BRA","Tocantins","minor","15288","1076932290"
"Pereiro","Pereiro","-6.0450","-38.4608","Brazil","BR","BRA","Ceará","minor","15274","1076102603"
"Itanhandu","Itanhandu","-22.2958","-44.9350","Brazil","BR","BRA","Minas Gerais","minor","15236","1076312428"
"Conchas","Conchas","-23.0134","-48.0078","Brazil","BR","BRA","São Paulo","minor","15232","1076967858"
"Sumidouro","Sumidouro","-22.0500","-42.6750","Brazil","BR","BRA","Rio de Janeiro","minor","15206","1076176327"
"Barrocas","Barrocas","-11.5289","-39.0778","Brazil","BR","BRA","Bahia","minor","15203","1076187162"
"Salesópolis","Salesopolis","-23.5319","-45.8458","Brazil","BR","BRA","São Paulo","minor","15202","1076843165"
"Espumoso","Espumoso","-28.7250","-52.8500","Brazil","BR","BRA","Rio Grande do Sul","minor","15173","1076869927"
"Itaporanga","Itaporanga","-23.7078","-49.4897","Brazil","BR","BRA","São Paulo","minor","15173","1076525804"
"Meruoca","Meruoca","-3.5419","-40.4550","Brazil","BR","BRA","Ceará","minor","15157","1076314792"
"Poço Fundo","Poco Fundo","-21.7808","-45.9650","Brazil","BR","BRA","Minas Gerais","minor","15148","1076793223"
"Biritinga","Biritinga","-11.6169","-38.8000","Brazil","BR","BRA","Bahia","minor","15146","1076152180"
"América Dourada","America Dourada","-11.4550","-41.4358","Brazil","BR","BRA","Bahia","minor","15137","1076121763"
"Jaguapitã","Jaguapita","-23.1128","-51.5319","Brazil","BR","BRA","Paraná","minor","15122","1076089933"
"Miraí","Mirai","-21.1953","-42.6142","Brazil","BR","BRA","Minas Gerais","minor","15111","1076394477"
"Natividade do Carangola","Natividade do Carangola","-21.0419","-41.9728","Brazil","BR","BRA","Rio de Janeiro","minor","15074","1076436673"
"Clevelândia","Clevelandia","-26.3958","-52.4708","Brazil","BR","BRA","Paraná","minor","15070","1076001262"
"Ipauçu","Ipaucu","-23.0569","-49.6267","Brazil","BR","BRA","São Paulo","minor","15069","1076000796"
"Alvinópolis","Alvinopolis","-20.1069","-43.0489","Brazil","BR","BRA","Minas Gerais","minor","15059","1076309584"
"Capela","Capela","-9.4075","-36.0736","Brazil","BR","BRA","Alagoas","minor","15032","1076765224"
"Ferreiros","Ferreiros","-7.4478","-35.2439","Brazil","BR","BRA","Pernambuco","minor","15026","1076407638"
"Brasilândia","Brasilandia","-17.0087","-46.0086","Brazil","BR","BRA","Minas Gerais","minor","15020","1076593373"
"Boa Esperança do Sul","Boa Esperanca do Sul","-21.9925","-48.3908","Brazil","BR","BRA","São Paulo","minor","15018","1076269444"
"Andorinha","Andorinha","-10.3450","-39.8328","Brazil","BR","BRA","Bahia","minor","15012","1076869918"
"Dionísio Cerqueira","Dionisio Cerqueira","-26.2550","-53.6400","Brazil","BR","BRA","Santa Catarina","minor","15008","1076396640"
"Salinas da Margarida","Salinas da Margarida","-12.8708","-38.7639","Brazil","BR","BRA","Bahia","minor","14987","1076707335"
"Candói","Candoi","-25.6628","-52.1258","Brazil","BR","BRA","Paraná","","14973","1076520622"
"Santa Brígida","Santa Brigida","-9.7358","-38.1258","Brazil","BR","BRA","Bahia","minor","14965","1076986156"
"Santa Luzia","Santa Luzia","-6.8719","-36.9189","Brazil","BR","BRA","Paraíba","minor","14959","1076884988"
"Vianópolis","Vianopolis","-16.7419","-48.5158","Brazil","BR","BRA","Goiás","minor","14956","1076970203"
"Joaíma","Joaima","-16.6542","-41.0306","Brazil","BR","BRA","Minas Gerais","minor","14941","1076626637"
"Restinga Sêca","Restinga Seca","-29.8128","-53.3750","Brazil","BR","BRA","Rio Grande do Sul","minor","14939","1076824655"
"Barra do Sul","Barra do Sul","-26.4682","-48.6104","Brazil","BR","BRA","Santa Catarina","minor","14912","1076000413"
"Tarumã","Taruma","-22.7469","-50.5769","Brazil","BR","BRA","São Paulo","minor","14882","1076499806"
"Madalena","Madalena","-4.8569","-39.5769","Brazil","BR","BRA","Ceará","minor","14864","1076658814"
"Cujubim","Cujubim","-9.3628","-62.5853","Brazil","BR","BRA","Rondônia","minor","14863","1076802495"
"Terra Rica","Terra Rica","-22.7089","-52.6169","Brazil","BR","BRA","Paraná","minor","14842","1076538470"
"Bela Vista do Paraíso","Bela Vista do Paraiso","-22.9969","-51.1908","Brazil","BR","BRA","Paraná","minor","14833","1076738885"
"Botelhos","Botelhos","-21.6424","-46.3937","Brazil","BR","BRA","Minas Gerais","minor","14828","1076129493"
"Ponto Novo","Ponto Novo","-10.8628","-40.1336","Brazil","BR","BRA","Bahia","minor","14819","1076602226"
"Cândido de Abreu","Candido de Abreu","-24.5669","-51.3333","Brazil","BR","BRA","Paraná","minor","14809","1076875901"
"Patrocínio Paulista","Patrocinio Paulista","-20.6394","-47.2817","Brazil","BR","BRA","São Paulo","minor","14807","1076390439"
"Buerarema","Buerarema","-14.9589","-39.3000","Brazil","BR","BRA","Bahia","minor","14804","1076122498"
"Souto Soares","Souto Soares","-12.0889","-41.6378","Brazil","BR","BRA","Bahia","minor","14795","1076113405"
"Araputanga","Araputanga","-15.4708","-58.3528","Brazil","BR","BRA","Mato Grosso","minor","14786","1076938208"
"Itamonte","Itamonte","-22.2839","-44.8700","Brazil","BR","BRA","Minas Gerais","minor","14786","1076596384"
"Sítio do Quinto","Sitio do Quinto","-10.3500","-38.2169","Brazil","BR","BRA","Bahia","minor","14773","1076768739"
"Tabatinga","Tabatinga","-21.7169","-48.6878","Brazil","BR","BRA","São Paulo","minor","14769","1076705867"
"Tavares","Tavares","-7.6358","-37.8783","Brazil","BR","BRA","Paraíba","minor","14759","1076181148"
"Mozarlândia","Mozarlandia","-14.7450","-50.5708","Brazil","BR","BRA","Goiás","minor","14750","1076012080"
"Entre Rios de Minas","Entre Rios de Minas","-20.6708","-44.0658","Brazil","BR","BRA","Minas Gerais","minor","14746","1076189083"
"Pindaí","Pindai","-14.4928","-42.6869","Brazil","BR","BRA","Bahia","minor","14731","1076864570"
"Alagoinha","Alagoinha","-12.3333","-42.0833","Brazil","BR","BRA","Bahia","","14718","1076539476"
"Tarumirim","Tarumirim","-19.2808","-42.0069","Brazil","BR","BRA","Minas Gerais","minor","14709","1076777364"
"Triunfo","Triunfo","-7.8378","-38.1019","Brazil","BR","BRA","Pernambuco","minor","14705","1076950985"
"Tapes","Tapes","-30.6728","-51.3958","Brazil","BR","BRA","Rio Grande do Sul","minor","14695","1076622644"
"Coremas","Coremas","-7.0139","-37.9458","Brazil","BR","BRA","Paraíba","minor","14683","1076489874"
"Caiapônia","Caiaponia","-16.9569","-51.8100","Brazil","BR","BRA","Goiás","minor","14673","1076081886"
"Capinópolis","Capinopolis","-18.6819","-49.5700","Brazil","BR","BRA","Minas Gerais","minor","14655","1076136434"
"Rio Piracicaba","Rio Piracicaba","-19.9289","-43.1739","Brazil","BR","BRA","Minas Gerais","minor","14631","1076877084"
"Teixeira","Teixeira","-7.2228","-37.2539","Brazil","BR","BRA","Paraíba","minor","14631","1076864397"
"Cambuci","Cambuci","-21.5750","-41.9108","Brazil","BR","BRA","Rio de Janeiro","minor","14616","1076525044"
"Arroio dos Ratos","Arroio dos Ratos","-30.0769","-51.7289","Brazil","BR","BRA","Rio Grande do Sul","minor","14601","1076770923"
"Nova Ponte","Nova Ponte","-19.1983","-47.7272","Brazil","BR","BRA","Minas Gerais","minor","14598","1076000777"
"Palmeirais","Palmeirais","-5.9778","-43.0633","Brazil","BR","BRA","Piauí","minor","14587","1076925403"
"Severínia","Severinia","-20.8089","-48.8028","Brazil","BR","BRA","São Paulo","minor","14576","1076968616"
"Bicas","Bicas","-21.7250","-43.0589","Brazil","BR","BRA","Minas Gerais","minor","14554","1076204929"
"Pindorama","Pindorama","-21.1858","-48.9069","Brazil","BR","BRA","São Paulo","minor","14542","1076588629"
"Bom Jesus do Galho","Bom Jesus do Galho","-19.8289","-42.3158","Brazil","BR","BRA","Minas Gerais","minor","14536","1076678788"
"Rio Paranaíba","Rio Paranaiba","-19.1939","-46.2469","Brazil","BR","BRA","Minas Gerais","minor","14532","1076417535"
"Sonora","Sonora","-17.5769","-54.7578","Brazil","BR","BRA","Mato Grosso do Sul","minor","14516","1076003319"
"Rebouças","Reboucas","-25.6208","-50.6928","Brazil","BR","BRA","Paraná","minor","14514","1076989419"
"Tenente Portela","Tenente Portela","-27.3708","-53.7578","Brazil","BR","BRA","Rio Grande do Sul","minor","14497","1076242271"
"Água Fria","Agua Fria","-11.8669","-38.7669","Brazil","BR","BRA","Bahia","minor","14497","1076969631"
"Poço das Trincheiras","Poco das Trincheiras","-9.3125","-37.2856","Brazil","BR","BRA","Alagoas","minor","14493","1076000314"
"Araruna","Araruna","-23.9319","-52.4958","Brazil","BR","BRA","Paraná","minor","14485","1076431580"
"Barroquinha","Barroquinha","-3.0189","-41.1369","Brazil","BR","BRA","Ceará","minor","14476","1076119723"
"Jacaraú","Jacarau","-6.6122","-35.2928","Brazil","BR","BRA","Paraíba","minor","14450","1076944790"
"Jacaraci","Jacaraci","-14.8500","-42.4328","Brazil","BR","BRA","Bahia","minor","14436","1076287718"
"Itaú de Minas","Itau de Minas","-20.7389","-46.7519","Brazil","BR","BRA","Minas Gerais","minor","14406","1076747219"
"Ladainha","Ladainha","-17.6319","-41.7378","Brazil","BR","BRA","Minas Gerais","minor","14383","1076918260"
"Lauro Müller","Lauro Muller","-28.3928","-49.3969","Brazil","BR","BRA","Santa Catarina","minor","14381","1076808393"
"Jitaúna","Jitauna","-14.0189","-39.8889","Brazil","BR","BRA","Bahia","minor","14355","1076105440"
"Simões","Simoes","-7.5989","-40.8178","Brazil","BR","BRA","Piauí","minor","14350","1076805001"
"Carmópolis de Minas","Carmopolis de Minas","-20.5408","-44.6350","Brazil","BR","BRA","Minas Gerais","minor","14348","1076274670"
"Alto Longá","Alto Longa","-5.2511","-42.2103","Brazil","BR","BRA","Piauí","minor","14339","1076773885"
"Monte Alegre de Sergipe","Monte Alegre de Sergipe","-10.0269","-37.5619","Brazil","BR","BRA","Sergipe","minor","14336","1076297228"
"Santo Antônio dos Lopes","Santo Antonio dos Lopes","-4.8689","-44.3600","Brazil","BR","BRA","Maranhão","minor","14304","1076178562"
"Puxinanã","Puxinana","-7.1608","-35.9608","Brazil","BR","BRA","Paraíba","minor","14277","1076989636"
"Imbaú","Imbau","-24.4450","-50.7608","Brazil","BR","BRA","Paraná","minor","14249","1076254524"
"Maria da Fé","Maria da Fe","-22.3078","-45.3750","Brazil","BR","BRA","Minas Gerais","minor","14247","1076211048"
"Brazópolis","Brazopolis","-22.4739","-45.6078","Brazil","BR","BRA","Minas Gerais","minor","14246","1076311905"
"Manuel Ribas","Manuel Ribas","-24.5158","-51.6678","Brazil","BR","BRA","Paraná","minor","14240","1076619354"
"Sabinópolis","Sabinopolis","-18.6658","-43.0839","Brazil","BR","BRA","Minas Gerais","minor","14240","1076277315"
"Turvo","Turvo","-25.0428","-51.5300","Brazil","BR","BRA","Paraná","minor","14231","1076949254"
"Borborema","Borborema","-21.6200","-49.0739","Brazil","BR","BRA","São Paulo","minor","14226","1076625654"
"Caldas","Caldas","-21.9239","-46.3858","Brazil","BR","BRA","Minas Gerais","minor","14217","1076658037"
"Antas","Antas","-10.4000","-38.3328","Brazil","BR","BRA","Bahia","minor","14206","1076203131"
"Adustina","Adustina","-10.5328","-38.1000","Brazil","BR","BRA","Bahia","minor","14201","1076245187"
"Miraíma","Miraima","-3.5689","-39.9700","Brazil","BR","BRA","Ceará","minor","14196","1076684320"
"São José do Cedro","Sao Jose do Cedro","-26.4550","-53.4939","Brazil","BR","BRA","Santa Catarina","minor","14167","1076863446"
"Mirandiba","Mirandiba","-8.1189","-38.7278","Brazil","BR","BRA","Pernambuco","minor","14166","1076690736"
"Alto Santo","Alto Santo","-5.5208","-38.2719","Brazil","BR","BRA","Ceará","minor","14155","1076376148"
"Ipiranga","Ipiranga","-25.0239","-50.5839","Brazil","BR","BRA","Paraná","minor","14142","1076445636"
"Massaranduba","Massaranduba","-7.2000","-35.7889","Brazil","BR","BRA","Paraíba","minor","14139","1076880277"
"Astolfo Dutra","Astolfo Dutra","-21.3150","-42.8619","Brazil","BR","BRA","Minas Gerais","minor","14138","1076185639"
"Ipanguaçu","Ipanguacu","-5.4978","-36.8550","Brazil","BR","BRA","Rio Grande do Norte","minor","14131","1076285175"
"Gurinhém","Gurinhem","-7.1239","-35.4244","Brazil","BR","BRA","Paraíba","minor","14127","1076881947"
"Milhã","Milha","-5.6750","-39.1939","Brazil","BR","BRA","Ceará","minor","14123","1076214085"
"Matias Barbosa","Matias Barbosa","-21.8689","-43.3189","Brazil","BR","BRA","Minas Gerais","minor","14121","1076881695"
"Curuá","Curua","-1.8878","-55.1169","Brazil","BR","BRA","Pará","minor","14117","1076290240"
"Capitão Enéas","Capitao Eneas","-16.3239","-43.7108","Brazil","BR","BRA","Minas Gerais","minor","14108","1076526989"
"Lagoa Real","Lagoa Real","-14.0350","-42.1419","Brazil","BR","BRA","Bahia","minor","14105","1076846837"
"Valentim Gentil","Valentim Gentil","-20.4219","-50.0878","Brazil","BR","BRA","São Paulo","minor","14098","1076430785"
"Siderópolis","Sideropolis","-28.5978","-49.4244","Brazil","BR","BRA","Santa Catarina","minor","14092","1076815331"
"João Neiva","Joao Neiva","-19.7578","-40.3858","Brazil","BR","BRA","Espírito Santo","minor","14079","1076583289"
"Aiuaba","Aiuaba","-6.5739","-40.1239","Brazil","BR","BRA","Ceará","minor","14076","1076600534"
"Lagoa dos Gatos","Lagoa dos Gatos","-8.6578","-35.9000","Brazil","BR","BRA","Pernambuco","minor","14076","1076146195"
"Italva","Italva","-21.4208","-41.6908","Brazil","BR","BRA","Rio de Janeiro","minor","14073","1076552060"
"Montalvânia","Montalvania","-14.4228","-44.3658","Brazil","BR","BRA","Minas Gerais","minor","14060","1076690370"
"Pedro Afonso","Pedro Afonso","-8.9678","-48.1750","Brazil","BR","BRA","Tocantins","minor","14055","1076140514"
"Águas Vermelhas","Aguas Vermelhas","-15.7469","-41.4600","Brazil","BR","BRA","Minas Gerais","minor","14037","1076605464"
"Rio Azul","Rio Azul","-25.7328","-50.7958","Brazil","BR","BRA","Paraná","minor","14025","1076547411"
"Petrolândia","Petrolandia","-9.1828","-38.2689","Brazil","BR","BRA","Pernambuco","","14020","1076000765"
"Santa Adélia","Santa Adelia","-21.2428","-48.8039","Brazil","BR","BRA","São Paulo","minor","14018","1076471467"
"Taguatinga","Taguatinga","-12.4061","-46.4339","Brazil","BR","BRA","Tocantins","minor","14011","1076324478"
"Martinho Campos","Martinho Campos","-19.3319","-45.2369","Brazil","BR","BRA","Minas Gerais","minor","14003","1076819510"
"Candeias","Candeias","-20.7669","-45.2758","Brazil","BR","BRA","Minas Gerais","minor","14001","1076831135"
"Iracema","Iracema","-5.8167","-38.3000","Brazil","BR","BRA","Ceará","minor","14001","1076771475"
"Coribe","Coribe","-13.8289","-44.4539","Brazil","BR","BRA","Bahia","minor","13990","1076084010"
"Felixlândia","Felixlandia","-18.7578","-44.8989","Brazil","BR","BRA","Minas Gerais","minor","13978","1076846673"
"Mirinzal","Mirinzal","-2.0650","-44.7839","Brazil","BR","BRA","Maranhão","minor","13978","1076215987"
"Jardim de Piranhas","Jardim de Piranhas","-6.3789","-37.3519","Brazil","BR","BRA","Rio Grande do Norte","minor","13977","1076324896"
"Santa Branca","Santa Branca","-23.3969","-45.8839","Brazil","BR","BRA","São Paulo","minor","13975","1076129261"
"Soledade","Soledade","-7.0569","-36.3628","Brazil","BR","BRA","Paraíba","minor","13968","1076149519"
"Goianápolis","Goianapolis","-16.5108","-49.0239","Brazil","BR","BRA","Goiás","minor","13967","1076658634"
"Anadia","Anadia","-9.6844","-36.3042","Brazil","BR","BRA","Alagoas","minor","13966","1076360866"
"Pacaembu","Pacaembu","-21.5622","-51.2606","Brazil","BR","BRA","São Paulo","minor","13961","1076580275"
"Nova Ipixuna","Nova Ipixuna","-4.9208","-49.0769","Brazil","BR","BRA","Pará","minor","13955","1076910776"
"Aracatu","Aracatu","-14.4278","-41.4619","Brazil","BR","BRA","Bahia","minor","13936","1076243226"
"Ibicuí","Ibicui","-14.8419","-39.9869","Brazil","BR","BRA","Bahia","minor","13934","1076085235"
"Abre Campo","Abre Campo","-20.3008","-42.4778","Brazil","BR","BRA","Minas Gerais","minor","13927","1076902568"
"Papagaios","Papagaios","-19.4489","-44.7478","Brazil","BR","BRA","Minas Gerais","minor","13920","1076663724"
"Mansidão","Mansidao","-10.7158","-44.0339","Brazil","BR","BRA","Bahia","minor","13919","1076320335"
"Alterosa","Alterosa","-21.2489","-46.1428","Brazil","BR","BRA","Minas Gerais","minor","13915","1076001106"
"Maracaí","Maracai","-22.6106","-50.6672","Brazil","BR","BRA","São Paulo","minor","13913","1076001252"
"Alto Paraná","Alto Parana","-23.1289","-52.3189","Brazil","BR","BRA","Paraná","minor","13909","1076148940"
"Santo Augusto","Santo Augusto","-27.8508","-53.7769","Brazil","BR","BRA","Rio Grande do Sul","minor","13902","1076594342"
"Grão Mogol","Grao Mogol","-16.5589","-42.8900","Brazil","BR","BRA","Minas Gerais","minor","13901","1076387230"
"Mogeiro","Mogeiro","-7.2989","-35.4789","Brazil","BR","BRA","Paraíba","minor","13899","1076034911"
"Joaquim Pires","Joaquim Pires","-3.5078","-42.1978","Brazil","BR","BRA","Piauí","minor","13886","1076601550"
"Areado","Areado","-21.3589","-46.1458","Brazil","BR","BRA","Minas Gerais","minor","13881","1076925556"
"Simplício Mendes","Simplicio Mendes","-7.8539","-41.9100","Brazil","BR","BRA","Piauí","minor","13870","1076013793"
"Tracunhaém","Tracunhaem","-7.8050","-35.2400","Brazil","BR","BRA","Pernambuco","minor","13867","1076593886"
"Ibipitanga","Ibipitanga","-12.8819","-42.4858","Brazil","BR","BRA","Bahia","minor","13863","1076883970"
"Manoel Vitorino","Manoel Vitorino","-14.1450","-40.2428","Brazil","BR","BRA","Bahia","minor","13860","1076783361"
"Avanhandava","Avanhandava","-21.4608","-49.9497","Brazil","BR","BRA","São Paulo","minor","13859","1076708682"
"Saboeiro","Saboeiro","-6.5419","-39.9069","Brazil","BR","BRA","Ceará","minor","13854","1076976949"
"Carmópolis","Carmopolis","-10.6478","-36.9889","Brazil","BR","BRA","Sergipe","minor","13853","1076033854"
"Carapebus","Carapebus","-22.1869","-41.6608","Brazil","BR","BRA","Rio de Janeiro","minor","13847","1076355795"
"Itaguara","Itaguara","-20.3919","-44.4878","Brazil","BR","BRA","Minas Gerais","minor","13846","1076647293"
"Ribeiro do Amparo","Ribeiro do Amparo","-11.0469","-38.4328","Brazil","BR","BRA","Bahia","minor","13841","1076783278"
"Primavera","Primavera","-8.3378","-35.3550","Brazil","BR","BRA","Pernambuco","minor","13838","1076000353"
"Saloá","Saloa","-8.9758","-36.6878","Brazil","BR","BRA","Pernambuco","minor","13836","1076257586"
"Barra do Mendes","Barra do Mendes","-11.8100","-42.0589","Brazil","BR","BRA","Bahia","minor","13836","1076707399"
"Paripueira","Paripueira","-9.4650","-35.5519","Brazil","BR","BRA","Alagoas","minor","13835","1076989218"
"Pedro Velho","Pedro Velho","-6.4389","-35.2208","Brazil","BR","BRA","Rio Grande do Norte","minor","13824","1076997513"
"Magalhães de Almeida","Magalhaes de Almeida","-3.3958","-42.2039","Brazil","BR","BRA","Maranhão","minor","13807","1076952345"
"Passo de Camarajibe","Passo de Camarajibe","-9.2378","-35.4928","Brazil","BR","BRA","Alagoas","minor","13804","1076530381"
"Itagi","Itagi","-14.1628","-40.0058","Brazil","BR","BRA","Bahia","minor","13803","1076065946"
"Graça","Graca","-4.0458","-40.7528","Brazil","BR","BRA","Ceará","minor","13801","1076068643"
"Assaí","Assai","-23.3728","-50.8408","Brazil","BR","BRA","Paraná","minor","13797","1076370532"
"Carmo de Minas","Carmo de Minas","-22.1219","-45.1289","Brazil","BR","BRA","Minas Gerais","minor","13797","1076417253"
"Acajutiba","Acajutiba","-11.6619","-38.0169","Brazil","BR","BRA","Bahia","minor","13795","1076094256"
"Anapurus","Anapurus","-3.6719","-43.1158","Brazil","BR","BRA","Maranhão","minor","13793","1076087687"
"Caçu","Cacu","-18.5569","-51.1308","Brazil","BR","BRA","Goiás","minor","13774","1076792796"
"Guapé","Guape","-20.7619","-45.9178","Brazil","BR","BRA","Minas Gerais","minor","13772","1076767151"
"Feliz","Feliz","-29.4508","-51.3058","Brazil","BR","BRA","Rio Grande do Sul","minor","13764","1076429476"
"São Pedro do Piauí","Sao Pedro do Piaui","-5.9289","-42.7189","Brazil","BR","BRA","Piauí","minor","13755","1076845021"
"Uruoca","Uruoca","-3.3139","-40.5569","Brazil","BR","BRA","Ceará","minor","13746","1076593478"
"Itinga","Itinga","-16.6128","-41.7650","Brazil","BR","BRA","Minas Gerais","minor","13745","1076187768"
"Flores de Goiás","Flores de Goias","-14.4489","-47.0500","Brazil","BR","BRA","Goiás","minor","13744","1076339053"
"Urupês","Urupes","-21.2019","-49.2900","Brazil","BR","BRA","São Paulo","minor","13744","1076048342"
"Tacaimbó","Tacaimbo","-8.3158","-36.2928","Brazil","BR","BRA","Pernambuco","minor","13738","1076203896"
"Ataléia","Ataleia","-18.0439","-41.1100","Brazil","BR","BRA","Minas Gerais","minor","13736","1076641631"
"Guaraniaçu","Guaraniacu","-25.1008","-52.8778","Brazil","BR","BRA","Paraná","minor","13735","1076212519"
"Angical","Angical","-12.0069","-44.6939","Brazil","BR","BRA","Bahia","minor","13732","1076374273"
"Ibateguara","Ibateguara","-8.9728","-35.9389","Brazil","BR","BRA","Alagoas","minor","13731","1076378528"
"Uruana","Uruana","-15.4978","-49.6878","Brazil","BR","BRA","Goiás","minor","13729","1076128306"
"Nova Trento","Nova Trento","-27.2867","-48.9303","Brazil","BR","BRA","Santa Catarina","minor","13727","1076918111"
"São João do Triunfo","Sao Joao do Triunfo","-25.6828","-50.2969","Brazil","BR","BRA","Paraná","minor","13726","1076836472"
"Alagoinha","Alagoinha","-6.9500","-35.5450","Brazil","BR","BRA","Paraíba","minor","13725","1076535810"
"Nonoai","Nonoai","-27.3619","-52.7708","Brazil","BR","BRA","Rio Grande do Sul","minor","13719","1076363344"
"Nova Canaã","Nova Canaa","-14.7939","-40.1419","Brazil","BR","BRA","Bahia","minor","13715","1076285608"
"Ipecaetá","Ipecaeta","-12.3000","-39.3078","Brazil","BR","BRA","Bahia","minor","13709","1076177801"
"Bagre","Bagre","-1.9000","-50.1639","Brazil","BR","BRA","Pará","minor","13708","1076537991"
"Cêrro Largo","Cerro Largo","-28.1489","-54.7378","Brazil","BR","BRA","Rio Grande do Sul","minor","13705","1076133279"
"Quatá","Quata","-22.2475","-50.6983","Brazil","BR","BRA","São Paulo","minor","13702","1076183598"
"Presidente Kennedy","Presidente Kennedy","-21.0989","-41.0469","Brazil","BR","BRA","Espírito Santo","minor","13696","1076287940"
"Auriflama","Auriflama","-20.6858","-50.5550","Brazil","BR","BRA","São Paulo","minor","13692","1076210906"
"Boa Nova","Boa Nova","-14.3628","-40.2078","Brazil","BR","BRA","Bahia","minor","13690","1076117568"
"Itapagipe","Itapagipe","-19.9089","-49.3808","Brazil","BR","BRA","Minas Gerais","minor","13690","1076647867"
"Uarini","Uarini","-2.9900","-65.1083","Brazil","BR","BRA","Amazonas","minor","13690","1076915660"
"Quatis","Quatis","-22.4069","-44.2578","Brazil","BR","BRA","Rio de Janeiro","minor","13682","1076266883"
"Maribondo","Maribondo","-9.5769","-36.3050","Brazil","BR","BRA","Alagoas","minor","13679","1076733416"
"Muqui","Muqui","-20.9519","-41.3458","Brazil","BR","BRA","Espírito Santo","minor","13670","1076475999"
"Mucambo","Mucambo","-3.9089","-40.7469","Brazil","BR","BRA","Ceará","minor","13666","1076000948"
"Poté","Pote","-17.8069","-41.7858","Brazil","BR","BRA","Minas Gerais","minor","13666","1076639035"
"Nova Veneza","Nova Veneza","-28.6369","-49.4978","Brazil","BR","BRA","Santa Catarina","minor","13664","1076000591"
"Piên","Pien","-26.0978","-49.4289","Brazil","BR","BRA","Paraná","minor","13655","1076583722"
"Mirabela","Mirabela","-16.2628","-44.1639","Brazil","BR","BRA","Minas Gerais","minor","13651","1076000722"
"Retirolândia","Retirolandia","-11.4950","-39.4258","Brazil","BR","BRA","Bahia","minor","13651","1076003385"
"Retirolândia","Retirolandia","-11.5667","-39.3167","Brazil","BR","BRA","Bahia","","13651","1076905275"
"Jurema","Jurema","-8.7178","-36.1358","Brazil","BR","BRA","Pernambuco","minor","13648","1076726309"
"Curiúva","Curiuva","-24.0328","-50.4578","Brazil","BR","BRA","Paraná","minor","13647","1076113763"
"Umburanas","Umburanas","-10.7328","-41.3258","Brazil","BR","BRA","Bahia","minor","13642","1076883289"
"Alexandria","Alexandria","-6.4128","-38.0158","Brazil","BR","BRA","Rio Grande do Norte","minor","13640","1076254681"
"Frei Miguelinho","Frei Miguelinho","-7.9408","-35.9106","Brazil","BR","BRA","Pernambuco","minor","13636","1076139307"
"Vargem da Roça","Vargem da Roca","-11.6069","-40.1369","Brazil","BR","BRA","Bahia","minor","13633","1076859944"
"Jiquiriçá","Jiquirica","-13.2569","-39.5719","Brazil","BR","BRA","Bahia","minor","13629","1076375229"
"Boninal","Boninal","-12.7019","-41.8278","Brazil","BR","BRA","Bahia","minor","13622","1076205755"
"Iguatemi","Iguatemi","-23.6800","-54.5608","Brazil","BR","BRA","Mato Grosso do Sul","minor","13617","1076107714"
"Alfredo Chaves","Alfredo Chaves","-20.6350","-40.7500","Brazil","BR","BRA","Espírito Santo","minor","13616","1076666348"
"Santa Luzia do Itanhy","Santa Luzia do Itanhy","-11.3508","-37.4478","Brazil","BR","BRA","Sergipe","minor","13616","1076556984"
"Serra Branca","Serra Branca","-7.4828","-36.6650","Brazil","BR","BRA","Paraíba","minor","13614","1076589844"
"Primeira Cruz","Primeira Cruz","-2.5100","-43.4378","Brazil","BR","BRA","Maranhão","minor","13614","1076394129"
"Orocó","Oroco","-8.6200","-39.6019","Brazil","BR","BRA","Pernambuco","minor","13613","1076142710"
"Brejo do Cruz","Brejo do Cruz","-6.3489","-37.4978","Brazil","BR","BRA","Paraíba","minor","13613","1076202028"
"Boa Esperança","Boa Esperanca","-18.5400","-40.2958","Brazil","BR","BRA","Espírito Santo","minor","13608","1076131880"
"Elesbão Veloso","Elesbao Veloso","-6.2019","-42.1400","Brazil","BR","BRA","Piauí","minor","13607","1076369423"
"Itaguaçu","Itaguacu","-19.8019","-40.8558","Brazil","BR","BRA","Espírito Santo","minor","13589","1076753541"
"Camapuã","Camapua","-19.5308","-54.0439","Brazil","BR","BRA","Mato Grosso do Sul","minor","13583","1076456553"
"Piquete","Piquete","-22.6136","-45.1761","Brazil","BR","BRA","São Paulo","minor","13575","1076872108"
"Presidente Bernardes","Presidente Bernardes","-22.0061","-51.5531","Brazil","BR","BRA","São Paulo","minor","13568","1076773912"
"Mascote","Mascote","-15.5628","-39.3028","Brazil","BR","BRA","Bahia","minor","13544","1076045822"
"Alagoinha","Alagoinha","-8.4658","-36.7758","Brazil","BR","BRA","Pernambuco","minor","13542","1076976847"
"São Ludgero","Sao Ludgero","-28.3258","-49.1767","Brazil","BR","BRA","Santa Catarina","minor","13509","1076888783"
"Itapetim","Itapetim","-7.3778","-37.1900","Brazil","BR","BRA","Pernambuco","minor","13492","1076005851"
"Itaeté","Itaete","-12.9858","-40.9728","Brazil","BR","BRA","Bahia","minor","13472","1076167864"
"Barro Alto","Barro Alto","-11.7608","-41.9119","Brazil","BR","BRA","Bahia","minor","13453","1076372996"
"Mamborê","Mambore","-24.3189","-52.5300","Brazil","BR","BRA","Paraná","minor","13452","1076214001"
"São Simão","Sao Simao","-21.4789","-47.5508","Brazil","BR","BRA","São Paulo","minor","13442","1076099382"
"Uibaí","Uibai","-11.3369","-42.1328","Brazil","BR","BRA","Bahia","minor","13432","1076214416"
"Mallet","Mallet","-25.8778","-50.8208","Brazil","BR","BRA","Paraná","minor","13428","1076558339"
"Sítio do Mato","Sitio do Mato","-13.0850","-43.4650","Brazil","BR","BRA","Bahia","minor","13408","1076645517"
"Balsa Nova","Balsa Nova","-25.5839","-49.6358","Brazil","BR","BRA","Paraná","minor","13395","1076602507"
"Luís Antônio","Luis Antonio","-21.5550","-47.7044","Brazil","BR","BRA","São Paulo","minor","13378","1076517541"
"Várzea Nova","Varzea Nova","-11.2589","-40.9419","Brazil","BR","BRA","Bahia","minor","13377","1076669086"
"Peabiru","Peabiru","-23.9128","-52.3428","Brazil","BR","BRA","Paraná","minor","13346","1076249784"
"Serrolândia","Serrolandia","-11.4158","-40.3019","Brazil","BR","BRA","Bahia","minor","13335","1076239269"
"Itapuí","Itapui","-22.2333","-48.7192","Brazil","BR","BRA","São Paulo","minor","13328","1076494773"
"Inajá","Inaja","-8.9030","-37.8270","Brazil","BR","BRA","Pernambuco","minor","13280","1076678213"
"Joaquim Nabuco","Joaquim Nabuco","-8.6239","-35.5328","Brazil","BR","BRA","Pernambuco","minor","13269","1076344424"
"Arês","Ares","-6.1939","-35.1600","Brazil","BR","BRA","Rio Grande do Norte","minor","13251","1076599761"
"Paraíso do Norte","Paraiso do Norte","-23.2808","-52.6019","Brazil","BR","BRA","Paraná","minor","13245","1076269054"
"Pé de Serra","Pe de Serra","-11.8339","-39.6128","Brazil","BR","BRA","Bahia","minor","13243","1076313589"
"Ivaí","Ivai","-25.0108","-50.8589","Brazil","BR","BRA","Paraná","minor","13229","1076679254"
"Nioaque","Nioaque","-21.1350","-55.8300","Brazil","BR","BRA","Mato Grosso do Sul","minor","13220","1076087049"
"Rio de Contas","Rio de Contas","-13.5789","-41.8108","Brazil","BR","BRA","Bahia","minor","13184","1076754744"
"Santa Teresa","Santa Teresa","-25.0167","-53.5667","Brazil","BR","BRA","Paraná","minor","13174","1076296224"
"Mulungu do Morro","Mulungu do Morro","-11.9658","-41.6389","Brazil","BR","BRA","Bahia","minor","13152","1076271115"
"Igrapiúna","Igrapiuna","-13.8258","-39.1419","Brazil","BR","BRA","Bahia","minor","13151","1076750964"
"Rio do Antônio","Rio do Antonio","-14.4108","-42.0758","Brazil","BR","BRA","Bahia","minor","13146","1076833793"
"Pacatuba","Pacatuba","-10.4533","-36.6514","Brazil","BR","BRA","Sergipe","","13137","1076001109"
"Alvorada D’Oeste","Alvorada D'Oeste","-11.3417","-62.2861","Brazil","BR","BRA","Rondônia","minor","13117","1076530041"
"Iraci","Iraci","-8.8078","-35.9519","Brazil","BR","BRA","Pernambuco","minor","13113","1076000903"
"São Domingos","Sao Domingos","-13.3983","-46.3183","Brazil","BR","BRA","Goiás","minor","13103","1076319800"
"Hidrolândia","Hidrolandia","-16.9619","-49.2289","Brazil","BR","BRA","Goiás","minor","13086","1076638231"
"Andaraí","Andarai","-12.8069","-41.3308","Brazil","BR","BRA","Bahia","minor","13080","1076838333"
"Caldeirão Grande","Caldeirao Grande","-11.0200","-40.3028","Brazil","BR","BRA","Bahia","minor","13080","1076740446"
"Cotegipe","Cotegipe","-12.0278","-44.2578","Brazil","BR","BRA","Bahia","minor","13063","1076905904"
"Ribeirão do Pinhal","Ribeirao do Pinhal","-23.4167","-50.3500","Brazil","BR","BRA","Paraná","minor","13060","1076116676"
"Alto Garças","Alto Garcas","-16.9439","-53.5278","Brazil","BR","BRA","Mato Grosso","minor","13052","1076413625"
"Dom Feliciano","Dom Feliciano","-30.7039","-52.1078","Brazil","BR","BRA","Rio Grande do Sul","minor","13051","1076532414"
"Monte Belo","Monte Belo","-21.3258","-46.3678","Brazil","BR","BRA","Minas Gerais","minor","13046","1076552957"
"Turvo","Turvo","-28.9258","-49.6789","Brazil","BR","BRA","Santa Catarina","","13043","1076843922"
"Palmital","Palmital","-24.8928","-52.2028","Brazil","BR","BRA","Paraná","minor","13033","1076062841"
"Missões","Missoes","-14.8839","-44.0908","Brazil","BR","BRA","Minas Gerais","minor","13024","1076497793"
"Ubaporanga","Ubaporanga","-19.6350","-42.1058","Brazil","BR","BRA","Minas Gerais","minor","13017","1076516869"
"Candiba","Candiba","-14.4108","-42.8669","Brazil","BR","BRA","Bahia","minor","13016","1076540136"
"Wanderley","Wanderley","-12.1200","-43.8878","Brazil","BR","BRA","Bahia","minor","12968","1076046103"
"Casinhas","Casinhas","-7.7411","-35.7211","Brazil","BR","BRA","Pernambuco","minor","12967","1076002951"
"Itatiaiuçu","Itatiaiucu","-20.1969","-44.4208","Brazil","BR","BRA","Minas Gerais","minor","12966","1076406808"
"Cardoso Moreira","Cardoso Moreira","-21.4878","-41.6158","Brazil","BR","BRA","Rio de Janeiro","minor","12958","1076342720"
"Tartarugalzinho","Tartarugalzinho","1.5058","-50.9119","Brazil","BR","BRA","Amapá","minor","12945","1076510504"
"Brejões","Brejoes","-13.1039","-39.7958","Brazil","BR","BRA","Bahia","minor","12943","1076965135"
"Nossa Senhora do Livramento","Nossa Senhora do Livramento","-15.7750","-56.3458","Brazil","BR","BRA","Mato Grosso","minor","12940","1076933932"
"Japoatã","Japoata","-10.3467","-36.8011","Brazil","BR","BRA","Sergipe","minor","12938","1076539060"
"Morungaba","Morungaba","-22.8800","-46.7917","Brazil","BR","BRA","São Paulo","minor","12934","1076597172"
"Nova Londrina","Nova Londrina","-22.7658","-52.9850","Brazil","BR","BRA","Paraná","minor","12923","1076898480"
"Paranhos","Paranhos","-23.8928","-55.4308","Brazil","BR","BRA","Mato Grosso do Sul","minor","12921","1076900363"
"Buritirama","Buritirama","-5.5928","-47.0178","Brazil","BR","BRA","Maranhão","minor","12918","1076000008"
"Bujari","Bujari","-9.8308","-67.9519","Brazil","BR","BRA","Acre","minor","12917","1076224328"
"Barra de Santa Rosa","Barra de Santa Rosa","-6.7200","-36.0608","Brazil","BR","BRA","Paraíba","minor","12904","1076169130"
"Crissiumal","Crissiumal","-27.5000","-54.1008","Brazil","BR","BRA","Rio Grande do Sul","minor","12886","1076648862"
"Sangão","Sangao","-28.6378","-49.1289","Brazil","BR","BRA","Santa Catarina","minor","12882","1076740744"
"Cidelândia","Cidelandia","-5.1739","-47.7819","Brazil","BR","BRA","Maranhão","minor","12878","1076287483"
"Lontras","Lontras","-27.1658","-49.5419","Brazil","BR","BRA","Santa Catarina","minor","12873","1076636048"
"Colares","Colares","-0.9369","-48.2819","Brazil","BR","BRA","Pará","minor","12868","1076075646"
"Pôrto Murtinho","Porto Murtinho","-21.6989","-57.8828","Brazil","BR","BRA","Mato Grosso do Sul","minor","12859","1076052096"
"Palmares do Sul","Palmares do Sul","-30.2578","-50.5100","Brazil","BR","BRA","Rio Grande do Sul","minor","12844","1076619064"
"Antônio Prado","Antonio Prado","-28.8578","-51.2828","Brazil","BR","BRA","Rio Grande do Sul","minor","12833","1076953199"
"Canelinha","Canelinha","-27.2650","-48.7678","Brazil","BR","BRA","Santa Catarina","minor","12821","1076425933"
"Campos Altos","Campos Altos","-19.6958","-46.1708","Brazil","BR","BRA","Minas Gerais","minor","12819","1076184165"
"Nova Crixás","Nova Crixas","-14.0989","-50.3269","Brazil","BR","BRA","Goiás","minor","12815","1076651794"
"Buenos Aires","Buenos Aires","-7.7258","-35.3269","Brazil","BR","BRA","Pernambuco","minor","12808","1076935774"
"Nova Timboteua","Nova Timboteua","-1.2058","-47.3858","Brazil","BR","BRA","Pará","minor","12806","1076421795"
"Rio Casca","Rio Casca","-20.2258","-42.6508","Brazil","BR","BRA","Minas Gerais","minor","12789","1076162657"
"Santa Maria do Suaçuí","Santa Maria do Suacui","-18.1900","-42.4139","Brazil","BR","BRA","Minas Gerais","minor","12788","1076386732"
"Lagoa Dourada","Lagoa Dourada","-20.9139","-44.0778","Brazil","BR","BRA","Minas Gerais","minor","12769","1076252761"
"Novo Lino","Novo Lino","-8.9150","-35.6467","Brazil","BR","BRA","Alagoas","minor","12764","1076744203"
"Rodeio","Rodeio","-26.9228","-49.3658","Brazil","BR","BRA","Santa Catarina","minor","12757","1076298618"
"Serra Azul","Serra Azul","-21.3108","-47.5658","Brazil","BR","BRA","São Paulo","minor","12746","1076292642"
"Ilicínia","Ilicinia","-20.9358","-45.8328","Brazil","BR","BRA","Minas Gerais","minor","12741","1076436204"
"Sete Barras","Sete Barras","-24.3878","-47.9258","Brazil","BR","BRA","São Paulo","minor","12730","1076515429"
"Joanópolis","Joanopolis","-22.9303","-46.2756","Brazil","BR","BRA","São Paulo","minor","12725","1076442097"
"Mar de Espanha","Mar de Espanha","-21.8669","-43.0100","Brazil","BR","BRA","Minas Gerais","minor","12721","1076321934"
"Miranorte","Miranorte","-9.5289","-48.5900","Brazil","BR","BRA","Tocantins","minor","12701","1076578531"
"Taguaí","Taguai","-23.4519","-49.4089","Brazil","BR","BRA","São Paulo","minor","12669","1076580589"
"Malhador","Malhador","-10.6578","-37.3047","Brazil","BR","BRA","Sergipe","minor","12653","1076612733"
"Bom Repouso","Bom Repouso","-22.4708","-46.1450","Brazil","BR","BRA","Minas Gerais","minor","12649","1076352065"
"Fortaleza dos Nogueiras","Fortaleza dos Nogueiras","-6.9639","-46.1769","Brazil","BR","BRA","Maranhão","minor","12640","1076248622"
"Rio Vermelho","Rio Vermelho","-18.2939","-43.0089","Brazil","BR","BRA","Minas Gerais","minor","12635","1076636906"
"Dores do Indaiá","Dores do Indaia","-19.4628","-45.6019","Brazil","BR","BRA","Minas Gerais","minor","12630","1076206387"
"Costa Marques","Costa Marques","-12.4450","-64.2272","Brazil","BR","BRA","Rondônia","minor","12627","1076376222"
"Bonito","Bonito","-1.3628","-47.3069","Brazil","BR","BRA","Pará","minor","12622","1076970076"
"Presidente Jânio Quadros","Presidente Janio Quadros","-14.6889","-41.6778","Brazil","BR","BRA","Bahia","minor","12621","1076806633"
"Cedral","Cedral","-20.9028","-49.2678","Brazil","BR","BRA","São Paulo","minor","12618","1076000902"
"Queluz","Queluz","-22.5372","-44.7742","Brazil","BR","BRA","São Paulo","minor","12600","1076494123"
"Ibiraçu","Ibiracu","-19.8319","-40.3697","Brazil","BR","BRA","Espírito Santo","minor","12591","1076949374"
"Água Boa","Agua Boa","-17.9958","-42.3889","Brazil","BR","BRA","Minas Gerais","minor","12589","1076580092"
"Duartina","Duartina","-22.4144","-49.4039","Brazil","BR","BRA","São Paulo","minor","12567","1076361175"
"Lucena","Lucena","-6.9000","-34.8689","Brazil","BR","BRA","Paraíba","minor","12560","1076932668"
"Conceição do Rio Verde","Conceicao do Rio Verde","-21.8808","-45.0850","Brazil","BR","BRA","Minas Gerais","minor","12541","1076344752"
"Apuiarés","Apuiares","-3.9489","-39.4319","Brazil","BR","BRA","Ceará","minor","12540","1076006852"
"Montividiu","Montividiu","-17.4439","-51.1750","Brazil","BR","BRA","Goiás","","12521","1076252838"
"Campinorte","Campinorte","-14.3139","-49.1519","Brazil","BR","BRA","Goiás","minor","12510","1076281992"
"Campo Alegre","Campo Alegre","-26.1928","-49.2658","Brazil","BR","BRA","Santa Catarina","minor","12501","1076640539"
"Demerval Lobão","Demerval Lobao","-5.3578","-42.6758","Brazil","BR","BRA","Piauí","minor","12489","1076667213"
"Xavantes","Xavantes","-23.0389","-49.7094","Brazil","BR","BRA","São Paulo","minor","12484","1076632906"
"Alto do Rodrigues","Alto do Rodrigues","-5.2878","-36.7619","Brazil","BR","BRA","Rio Grande do Norte","minor","12484","1076256231"
"Chaval","Chaval","-3.0339","-41.2439","Brazil","BR","BRA","Ceará","minor","12462","1076712591"
"Santana do Matos","Santana do Matos","-5.9578","-36.6558","Brazil","BR","BRA","Rio Grande do Norte","minor","12456","1076298140"
"Engenheiro Beltrão","Engenheiro Beltrao","-23.7969","-52.2689","Brazil","BR","BRA","Paraná","minor","12454","1076388802"
"Gravatal","Gravatal","-28.3308","-49.0350","Brazil","BR","BRA","Santa Catarina","minor","12435","1076028862"
"Goiatins","Goiatins","-7.7100","-47.3139","Brazil","BR","BRA","Tocantins","minor","12433","1076941056"
"Jequeri","Jequeri","-20.4558","-42.6658","Brazil","BR","BRA","Minas Gerais","minor","12419","1076092039"
"Poço Branco","Poco Branco","-5.6228","-35.6628","Brazil","BR","BRA","Rio Grande do Norte","minor","12390","1076085292"
"Ribeirão Claro","Ribeirao Claro","-23.1939","-49.7578","Brazil","BR","BRA","Paraná","minor","12364","1076614940"
"Cambuquira","Cambuquira","-21.8583","-45.2911","Brazil","BR","BRA","Minas Gerais","minor","12313","1076171499"
"Heliópolis","Heliopolis","-10.6828","-38.2858","Brazil","BR","BRA","Bahia","minor","12309","1076906632"
"Santa Luzia","Santa Luzia","-15.4289","-39.3339","Brazil","BR","BRA","Bahia","minor","12308","1076656988"
"Bom Retiro do Sul","Bom Retiro do Sul","-29.6089","-51.9428","Brazil","BR","BRA","Rio Grande do Sul","minor","12294","1076743801"
"Cananéia","Cananeia","-25.0150","-47.9269","Brazil","BR","BRA","São Paulo","minor","12289","1076252867"
"Lavínia","Lavinia","-21.1683","-51.0397","Brazil","BR","BRA","São Paulo","minor","12285","1076751331"
"Pendências","Pendencias","-5.2600","-36.7219","Brazil","BR","BRA","Rio Grande do Norte","minor","12278","1076860228"
"Perdigão","Perdigao","-19.9528","-45.0839","Brazil","BR","BRA","Minas Gerais","minor","12268","1076147907"
"Jerônimo Monteiro","Jeronimo Monteiro","-20.7894","-41.3950","Brazil","BR","BRA","Espírito Santo","minor","12265","1076433510"
"Tijucas do Sul","Tijucas do Sul","-25.9278","-49.1989","Brazil","BR","BRA","Paraná","minor","12260","1076858124"
"Teixeiras","Teixeiras","-20.6508","-42.8569","Brazil","BR","BRA","Minas Gerais","minor","12255","1076235802"
"São João do Araguaia","Sao Joao do Araguaia","-5.3578","-48.7908","Brazil","BR","BRA","Pará","","12247","1076471292"
"Iguaraci","Iguaraci","-7.8350","-37.5150","Brazil","BR","BRA","Pernambuco","minor","12247","1076060839"
"Engenheiro Paulo de Frontin","Engenheiro Paulo de Frontin","-22.5500","-43.6778","Brazil","BR","BRA","Rio de Janeiro","minor","12242","1076890953"
"Porto Valter","Porto Valter","-8.2686","-72.7439","Brazil","BR","BRA","Acre","minor","12241","1076950959"
"Carnaubeira da Penha","Carnaubeira da Penha","-8.3219","-38.7439","Brazil","BR","BRA","Pernambuco","minor","12239","1076499584"
"Itiquira","Itiquira","-17.2089","-54.1500","Brazil","BR","BRA","Mato Grosso","minor","12236","1076169143"
"Barra do Ribeiro","Barra do Ribeiro","-30.2908","-51.3008","Brazil","BR","BRA","Rio Grande do Sul","minor","12225","1076080277"
"Bom Lugar","Bom Lugar","-4.2200","-45.0389","Brazil","BR","BRA","Maranhão","minor","12212","1076364137"
"Arara","Arara","-6.8278","-35.7578","Brazil","BR","BRA","Paraíba","minor","12212","1076753005"
"Pouso Redondo","Pouso Redondo","-27.2578","-49.9339","Brazil","BR","BRA","Santa Catarina","minor","12203","1076522780"
"Brejinho","Brejinho","-6.1908","-35.3569","Brazil","BR","BRA","Rio Grande do Norte","minor","12202","1076511554"
"Mantenópolis","Mantenopolis","-18.8628","-41.1228","Brazil","BR","BRA","Espírito Santo","minor","12201","1076166982"
"Paranatama","Paranatama","-8.9208","-36.6581","Brazil","BR","BRA","Pernambuco","minor","12199","1076776179"
"São Lourenço da Serra","Sao Lourenco da Serra","-23.8528","-46.9428","Brazil","BR","BRA","São Paulo","minor","12199","1076572943"
"Cristais","Cristais","-20.8758","-45.5189","Brazil","BR","BRA","Minas Gerais","minor","12197","1076250590"
"Santa Leopoldina","Santa Leopoldina","-20.0987","-40.5269","Brazil","BR","BRA","Espírito Santo","minor","12197","1076008776"
"Marechal Floriano","Marechal Floriano","-20.4128","-40.6828","Brazil","BR","BRA","Espírito Santo","minor","12188","1076108782"
"Mucugê","Mucuge","-13.0050","-41.3708","Brazil","BR","BRA","Bahia","minor","12137","1076156452"
"Salgado de São Félix","Salgado de Sao Felix","-7.3569","-35.4406","Brazil","BR","BRA","Paraíba","minor","12131","1076169132"
"Choró","Choro","-4.8428","-39.1408","Brazil","BR","BRA","Ceará","minor","12113","1076374357"
"Munduri","Munduri","-8.1628","-40.6158","Brazil","BR","BRA","Pernambuco","minor","12106","1076173884"
"Mostardas","Mostardas","-31.1069","-50.9208","Brazil","BR","BRA","Rio Grande do Sul","minor","12090","1076486273"
"Ipaumirim","Ipaumirim","-6.7900","-38.7189","Brazil","BR","BRA","Ceará","minor","12083","1076210747"
"Nova Laranjeiras","Nova Laranjeiras","-25.3069","-52.5408","Brazil","BR","BRA","Paraná","minor","12074","1076553896"
"Poranga","Poranga","-4.7450","-40.9258","Brazil","BR","BRA","Ceará","minor","12065","1076916620"
"São Francisco do Maranhão","Sao Francisco do Maranhao","-6.2508","-42.8569","Brazil","BR","BRA","Maranhão","minor","12064","1076582179"
"Arroio do Tigre","Arroio do Tigre","-29.3328","-53.0928","Brazil","BR","BRA","Rio Grande do Sul","minor","12058","1076835084"
"Porto","Porto","-3.8928","-42.7100","Brazil","BR","BRA","Piauí","minor","12052","1076285535"
"Mato Verde","Mato Verde","-15.3969","-42.8658","Brazil","BR","BRA","Minas Gerais","minor","12038","1076669795"
"Iapu","Iapu","-19.4369","-42.2178","Brazil","BR","BRA","Minas Gerais","minor","12030","1076076296"
"Tomar do Geru","Tomar do Geru","-11.3728","-37.8408","Brazil","BR","BRA","Sergipe","minor","12012","1076263182"
"Jardim Alegre","Jardim Alegre","-24.1789","-51.6919","Brazil","BR","BRA","Paraná","minor","12004","1076799071"
"Manuel Urbano","Manuel Urbano","-8.8389","-69.2600","Brazil","BR","BRA","Acre","minor","11996","1076473892"
"Mazagão","Mazagao","-0.1150","-51.2889","Brazil","BR","BRA","Amapá","minor","11986","1076090210"
"Tabocas do Brejo Velho","Tabocas do Brejo Velho","-12.7058","-44.0069","Brazil","BR","BRA","Bahia","minor","11979","1076911587"
"Ibaretama","Ibaretama","-4.8039","-38.7528","Brazil","BR","BRA","Ceará","minor","11956","1076260521"
"Seberi","Seberi","-27.4778","-53.4028","Brazil","BR","BRA","Rio Grande do Sul","minor","11950","1076857463"
"Joaquim Távora","Joaquim Tavora","-23.4989","-49.9050","Brazil","BR","BRA","Paraná","minor","11945","1076518339"
"Governador Dix-Sept Rosado","Governador Dix-Sept Rosado","-5.4589","-37.5208","Brazil","BR","BRA","Rio Grande do Norte","minor","11938","1076290695"
"Lagoa do Ouro","Lagoa do Ouro","-9.1269","-36.4589","Brazil","BR","BRA","Pernambuco","minor","11933","1076612493"
"Andrelândia","Andrelandia","-21.7400","-44.3089","Brazil","BR","BRA","Minas Gerais","minor","11927","1076721211"
"Aragoiânia","Aragoiania","-16.9119","-49.4508","Brazil","BR","BRA","Goiás","minor","11890","1076574617"
"São João","Sao Joao","-25.8278","-52.7250","Brazil","BR","BRA","Paraná","minor","11886","1076110241"
"Dom Basílio","Dom Basilio","-13.7600","-41.7708","Brazil","BR","BRA","Bahia","minor","11884","1076510733"
"Imaruí","Imarui","-28.3408","-48.8200","Brazil","BR","BRA","Santa Catarina","minor","11881","1076901727"
"Iacanga","Iacanga","-21.8900","-49.0247","Brazil","BR","BRA","São Paulo","minor","11858","1076775071"
"São Gonçalo do Rio Abaixo","Sao Goncalo do Rio Abaixo","-19.8258","-43.3619","Brazil","BR","BRA","Minas Gerais","minor","11850","1076000815"
"Imaculada","Imaculada","-7.3897","-37.5092","Brazil","BR","BRA","Paraíba","minor","11848","1076375786"
"Corupá","Corupa","-26.4250","-49.2428","Brazil","BR","BRA","Santa Catarina","minor","11847","1076196507"
"Licínio de Almeida","Licinio de Almeida","-14.6819","-42.5078","Brazil","BR","BRA","Bahia","minor","11834","1076371811"
"Paulista","Paulista","-6.5939","-37.6239","Brazil","BR","BRA","Paraíba","minor","11834","1076002396"
"Frecheirinha","Frecheirinha","-3.7600","-40.8158","Brazil","BR","BRA","Ceará","minor","11832","1076241447"
"Areal","Areal","-22.2308","-43.1058","Brazil","BR","BRA","Rio de Janeiro","minor","11828","1076449923"
"Tapiratiba","Tapiratiba","-21.4678","-46.7489","Brazil","BR","BRA","São Paulo","minor","11816","1076955040"
"Jataìzinho","Jataizinho","-23.2539","-50.9800","Brazil","BR","BRA","Paraná","minor","11813","1076526726"
"Bocaina","Bocaina","-22.1361","-48.5181","Brazil","BR","BRA","São Paulo","minor","11810","1076989834"
"Virgem da Lapa","Virgem da Lapa","-16.8039","-42.3428","Brazil","BR","BRA","Minas Gerais","minor","11804","1076690680"
"Serra do Salitre","Serra do Salitre","-19.1108","-46.6900","Brazil","BR","BRA","Minas Gerais","minor","11801","1076188853"
"Nordestina","Nordestina","-10.8228","-39.4278","Brazil","BR","BRA","Bahia","minor","11800","1076755188"
"Axixá","Axixa","-2.8369","-44.0528","Brazil","BR","BRA","Maranhão","minor","11790","1076829101"
"São Gonçalo do Pará","Sao Goncalo do Para","-19.9828","-44.8589","Brazil","BR","BRA","Minas Gerais","minor","11770","1076000814"
"Brotas de Macaúbas","Brotas de Macaubas","-11.9989","-42.6258","Brazil","BR","BRA","Bahia","minor","11765","1076204887"
"Edéia","Edeia","-17.3389","-49.9308","Brazil","BR","BRA","Goiás","minor","11747","1076066085"
"Piranhas","Piranhas","-16.4269","-51.8219","Brazil","BR","BRA","Goiás","minor","11712","1076951314"
"Ubaí","Ubai","-16.2850","-44.7778","Brazil","BR","BRA","Minas Gerais","minor","11708","1076943170"
"Ibirá","Ibira","-21.0800","-49.2408","Brazil","BR","BRA","São Paulo","minor","11690","1076713231"
"Brejetuba","Brejetuba","-20.1458","-41.2900","Brazil","BR","BRA","Espírito Santo","minor","11687","1076480309"
"Luís Alves","Luis Alves","-26.7208","-48.9328","Brazil","BR","BRA","Santa Catarina","minor","11684","1076000985"
"São Sebastião do Uatumã","Sao Sebastiao do Uatuma","-2.5719","-57.8708","Brazil","BR","BRA","Amazonas","minor","11670","1076957010"
"Terenos","Terenos","-20.4419","-54.8600","Brazil","BR","BRA","Mato Grosso do Sul","minor","11662","1076729588"
"Jardim do Seridó","Jardim do Serido","-6.5839","-36.7739","Brazil","BR","BRA","Rio Grande do Norte","minor","11655","1076974092"
"Guaiçara","Guaicara","-21.6219","-49.7986","Brazil","BR","BRA","São Paulo","minor","11633","1076186233"
"Angicos","Angicos","-5.6658","-36.6008","Brazil","BR","BRA","Rio Grande do Norte","minor","11632","1076687770"
"Porecatu","Porecatu","-22.7558","-51.3789","Brazil","BR","BRA","Paraná","minor","11624","1076148890"
"Ielmo Marinho","Ielmo Marinho","-5.8239","-35.5528","Brazil","BR","BRA","Rio Grande do Norte","minor","11615","1076424391"
"Ibicuitinga","Ibicuitinga","-4.9739","-38.6389","Brazil","BR","BRA","Ceará","minor","11611","1076229272"
"Xexéu","Xexeu","-8.8019","-35.6269","Brazil","BR","BRA","Pernambuco","minor","11611","1076882581"
"Piraúba","Pirauba","-21.2758","-43.0258","Brazil","BR","BRA","Minas Gerais","minor","11610","1076245527"
"Gararu","Gararu","-9.9675","-37.0833","Brazil","BR","BRA","Sergipe","minor","11601","1076493938"
"Cruzeiro do Sul","Cruzeiro do Sul","-29.5128","-51.9850","Brazil","BR","BRA","Rio Grande do Sul","minor","11600","1076987096"
"Lençóis","Lencois","-12.5628","-41.3900","Brazil","BR","BRA","Bahia","minor","11586","1076448489"
"Ipaporanga","Ipaporanga","-4.9000","-40.7589","Brazil","BR","BRA","Ceará","minor","11575","1076064095"
"Santa Cruz da Baixa Verde","Santa Cruz da Baixa Verde","-7.8208","-38.1528","Brazil","BR","BRA","Pernambuco","minor","11567","1076924268"
"Silves","Silves","-2.8389","-58.2092","Brazil","BR","BRA","Amazonas","minor","11559","1076795743"
"Araçás","Aracas","-12.2200","-38.2028","Brazil","BR","BRA","Bahia","minor","11557","1076854989"
"Itainópolis","Itainopolis","-7.4469","-41.4783","Brazil","BR","BRA","Piauí","minor","11551","1076648651"
"Carmo da Cachoeira","Carmo da Cachoeira","-21.4608","-45.2239","Brazil","BR","BRA","Minas Gerais","minor","11547","1076799128"
"Quatipuru","Quatipuru","-0.9008","-47.0058","Brazil","BR","BRA","Pará","minor","11524","1076959149"
"Jucati","Jucati","-8.7058","-36.4889","Brazil","BR","BRA","Pernambuco","minor","11517","1076315771"
"Cachoeira Alta","Cachoeira Alta","-18.7628","-50.9419","Brazil","BR","BRA","Goiás","minor","11513","1076336461"
"Estiva","Estiva","-22.4628","-46.0169","Brazil","BR","BRA","Minas Gerais","minor","11502","1076192640"
"Iconha","Iconha","-20.7928","-40.8108","Brazil","BR","BRA","Espírito Santo","","11481","1076857916"
"Alto Alegre dos Parecis","Alto Alegre dos Parecis","-12.1278","-61.8508","Brazil","BR","BRA","Rondônia","minor","11479","1076019248"
"Palestina","Palestina","-20.3900","-49.4328","Brazil","BR","BRA","São Paulo","minor","11476","1076718506"
"Lebon Régis","Lebon Regis","-26.9289","-50.6950","Brazil","BR","BRA","Santa Catarina","minor","11472","1076117797"
"Pirangi","Pirangi","-21.0914","-48.6578","Brazil","BR","BRA","São Paulo","minor","11471","1076411878"
"Cidade Gaúcha","Cidade Gaucha","-23.3800","-52.9450","Brazil","BR","BRA","Paraná","minor","11467","1076061148"
"Prudente de Morais","Prudente de Morais","-19.4819","-44.1550","Brazil","BR","BRA","Minas Gerais","minor","11466","1076071573"
"Abadiânia","Abadiania","-16.2039","-48.7069","Brazil","BR","BRA","Goiás","minor","11452","1076524654"
"Florestópolis","Florestopolis","-22.8628","-51.3869","Brazil","BR","BRA","Paraná","minor","11446","1076726162"
"Ouro Branco","Ouro Branco","-9.1667","-37.3567","Brazil","BR","BRA","Alagoas","minor","11446","1076943029"
"Montanhas","Montanhas","-6.4858","-35.2878","Brazil","BR","BRA","Rio Grande do Norte","minor","11444","1076024908"
"Saubara","Saubara","-12.7378","-38.7689","Brazil","BR","BRA","Bahia","minor","11438","1076713805"
"Caetanópolis","Caetanopolis","-19.2950","-44.4189","Brazil","BR","BRA","Minas Gerais","minor","11435","1076848044"
"Sales Oliveira","Sales Oliveira","-20.7719","-47.8378","Brazil","BR","BRA","São Paulo","minor","11411","1076954861"
"Sào Amaro das Brotas","Sao Amaro das Brotas","-10.7889","-37.0544","Brazil","BR","BRA","Sergipe","minor","11410","1076944361"
"Cabo Verde","Cabo Verde","-21.4719","-46.3958","Brazil","BR","BRA","Minas Gerais","minor","11410","1076433719"
"Barro Alto","Barro Alto","-14.9708","-48.9158","Brazil","BR","BRA","Goiás","minor","11408","1076654663"
"Eldorado","Eldorado","-23.7869","-54.2839","Brazil","BR","BRA","Mato Grosso do Sul","minor","11386","1076329907"
"Santa Fé","Santa Fe","-23.0378","-51.8050","Brazil","BR","BRA","Paraná","minor","11378","1076690587"
"Garuva","Garuva","-26.0269","-48.8550","Brazil","BR","BRA","Santa Catarina","minor","11378","1076424163"
"Campo do Meio","Campo do Meio","-21.1069","-45.8300","Brazil","BR","BRA","Minas Gerais","minor","11377","1076591121"
"Alcântaras","Alcantaras","-3.5889","-40.5458","Brazil","BR","BRA","Ceará","minor","11369","1076451406"
"Bataiporã","Bataipora","-22.2953","-53.2711","Brazil","BR","BRA","Mato Grosso do Sul","minor","11349","1076881437"
"Cardoso","Cardoso","-20.0819","-49.9139","Brazil","BR","BRA","São Paulo","minor","11345","1076910611"
"Pimenteiras","Pimenteiras","-6.2450","-41.4189","Brazil","BR","BRA","Piauí","minor","11341","1076933547"
"Machados","Machados","-7.6858","-35.5150","Brazil","BR","BRA","Pernambuco","minor","11333","1076004279"
"Gouvêa","Gouvea","-18.4560","-43.7424","Brazil","BR","BRA","Minas Gerais","minor","11331","1076858682"
"Tabapuã","Tabapua","-20.9639","-49.0319","Brazil","BR","BRA","São Paulo","minor","11323","1076931996"
"Estiva Gerbi","Estiva Gerbi","-22.2708","-46.9450","Brazil","BR","BRA","São Paulo","minor","11295","1076001518"
"Getulina","Getulina","-21.7986","-49.9286","Brazil","BR","BRA","São Paulo","minor","11287","1076426209"
"Pedro de Toledo","Pedro de Toledo","-24.2750","-47.2328","Brazil","BR","BRA","São Paulo","minor","11281","1076725526"
"Curimatá","Curimata","-10.0358","-44.3058","Brazil","BR","BRA","Piauí","minor","11270","1076271852"
"Caetano","Caetano","-14.3378","-40.9100","Brazil","BR","BRA","Bahia","minor","11266","1076642327"
"Roncador","Roncador","-24.6028","-52.2750","Brazil","BR","BRA","Paraná","minor","11251","1076051192"
"Quebrangulo","Quebrangulo","-9.3189","-36.4711","Brazil","BR","BRA","Alagoas","minor","11248","1076029239"
"São João do Manhuaçu","Sao Joao do Manhuacu","-20.3939","-42.1508","Brazil","BR","BRA","Minas Gerais","minor","11246","1076278406"
"Betânia","Betania","-8.2767","-38.0339","Brazil","BR","BRA","Pernambuco","minor","11232","1076452583"
"Mineiros do Tietê","Mineiros do Tiete","-22.4089","-48.4508","Brazil","BR","BRA","São Paulo","minor","11230","1076206689"
"Resende Costa","Resende Costa","-20.9219","-44.2378","Brazil","BR","BRA","Minas Gerais","minor","11230","1076408656"
"Aratuba","Aratuba","-4.4178","-39.0450","Brazil","BR","BRA","Ceará","minor","11224","1076986261"
"Antônio Carlos","Antonio Carlos","-27.5169","-48.7678","Brazil","BR","BRA","Santa Catarina","minor","11224","1076302382"
"Pinheiro Machado","Pinheiro Machado","-31.5778","-53.3808","Brazil","BR","BRA","Rio Grande do Sul","minor","11214","1076070054"
"Nilo Peçanha","Nilo Pecanha","-13.5989","-39.1069","Brazil","BR","BRA","Bahia","minor","11213","1076019753"
"Bom Jesus","Bom Jesus","-28.6678","-50.4169","Brazil","BR","BRA","Rio Grande do Sul","minor","11202","1076493056"
"Faxinal dos Guedes","Faxinal dos Guedes","-26.8528","-52.2600","Brazil","BR","BRA","Santa Catarina","minor","11192","1076672125"
"Pacoti","Pacoti","-4.2250","-38.9228","Brazil","BR","BRA","Ceará","minor","11186","1076844973"
"Aurelino Leal","Aurelino Leal","-14.3169","-39.3269","Brazil","BR","BRA","Bahia","minor","11179","1076003236"
"Moreira Sales","Moreira Sales","-24.0619","-53.0069","Brazil","BR","BRA","Paraná","minor","11175","1076479147"
"Seringueiras","Seringueiras","-11.7981","-63.0311","Brazil","BR","BRA","Rondônia","minor","11171","1076017164"
"Capela de Santana","Capela de Santana","-29.7000","-51.3250","Brazil","BR","BRA","Rio Grande do Sul","minor","11159","1076636417"
"Areiópolis","Areiopolis","-22.6681","-48.6650","Brazil","BR","BRA","São Paulo","minor","11158","1076875790"
"Cacequi","Cacequi","-29.8839","-54.8250","Brazil","BR","BRA","Rio Grande do Sul","minor","11157","1076502675"
"Bernardino de Campos","Bernardino de Campos","-23.0131","-49.4742","Brazil","BR","BRA","São Paulo","minor","11157","1076528578"
"Antônio Cardoso","Antonio Cardoso","-12.4350","-39.1200","Brazil","BR","BRA","Bahia","minor","11146","1076384756"
"Planura","Planura","-20.1378","-48.7019","Brazil","BR","BRA","Minas Gerais","minor","11145","1076475868"
"Mortugaba","Mortugaba","-15.0228","-42.3678","Brazil","BR","BRA","Bahia","minor","11143","1076150645"
"Itanhomi","Itanhomi","-19.1719","-41.8650","Brazil","BR","BRA","Minas Gerais","minor","11128","1076366095"
"São José do Campestre","Sao Jose do Campestre","-6.3158","-35.7139","Brazil","BR","BRA","Rio Grande do Norte","minor","11121","1076675633"
"Iuiú","Iuiu","-14.4139","-43.5539","Brazil","BR","BRA","Bahia","minor","11118","1076770021"
"Alto Parnaíba","Alto Parnaiba","-9.1108","-45.9300","Brazil","BR","BRA","Maranhão","minor","11109","1076860492"
"Peri-Mirim","Peri-Mirim","-2.5778","-44.8539","Brazil","BR","BRA","Maranhão","minor","11108","1076167021"
"Marilândia","Marilandia","-19.4128","-40.5417","Brazil","BR","BRA","Espírito Santo","minor","11107","1076343904"
"Chã da Alegria","Cha da Alegria","-8.0008","-35.2133","Brazil","BR","BRA","Pernambuco","minor","11102","1076360167"
"Capitão de Campos","Capitao de Campos","-4.4569","-41.9439","Brazil","BR","BRA","Piauí","minor","11100","1076683345"
"Parapuã","Parapua","-21.7681","-50.7717","Brazil","BR","BRA","São Paulo","minor","11098","1076691844"
"Ararendá","Ararenda","-4.7528","-40.8328","Brazil","BR","BRA","Ceará","minor","11096","1076266994"
"Antônio Carlos","Antonio Carlos","-21.3178","-43.7469","Brazil","BR","BRA","Minas Gerais","minor","11095","1076945729"
"Calçado","Calcado","-8.7419","-36.3339","Brazil","BR","BRA","Pernambuco","minor","11093","1076615496"
"Céu Azul","Ceu Azul","-25.1469","-53.8489","Brazil","BR","BRA","Paraná","minor","11087","1076175311"
"Divinolândia","Divinolandia","-21.6614","-46.7392","Brazil","BR","BRA","São Paulo","minor","11086","1076108804"
"Juruaia","Juruaia","-21.2528","-46.5769","Brazil","BR","BRA","Minas Gerais","minor","11084","1076409302"
"Congonhal","Congonhal","-22.1528","-46.0389","Brazil","BR","BRA","Minas Gerais","minor","11083","1076374543"
"Pirapetinga","Pirapetinga","-21.6558","-42.3458","Brazil","BR","BRA","Minas Gerais","minor","11077","1076957244"
"Nossa Senhora dos Milagres","Nossa Senhora dos Milagres","-12.8700","-39.8589","Brazil","BR","BRA","Bahia","minor","11071","1076012226"
"Rio Novo do Sul","Rio Novo do Sul","-20.8628","-40.9358","Brazil","BR","BRA","Espírito Santo","","11069","1076704645"
"Dois Riachos","Dois Riachos","-9.3925","-37.1006","Brazil","BR","BRA","Alagoas","minor","11067","1076407140"
"Santa Mariana","Santa Mariana","-23.1499","-50.5200","Brazil","BR","BRA","Paraná","minor","11066","1076823727"
"General Carneiro","General Carneiro","-26.4278","-51.3158","Brazil","BR","BRA","Paraná","","11062","1076353038"
"Moita Bonita","Moita Bonita","-10.5778","-37.3428","Brazil","BR","BRA","Sergipe","minor","11050","1076243003"
"Fagundes","Fagundes","-7.3550","-35.7750","Brazil","BR","BRA","Paraíba","minor","11049","1076611174"
"Jacinto","Jacinto","-16.1439","-40.2928","Brazil","BR","BRA","Minas Gerais","minor","11042","1076711631"
"São Sebastião de Lagoa de Roça","Sao Sebastiao de Lagoa de Roca","-7.0828","-35.8350","Brazil","BR","BRA","Paraíba","minor","11040","1076776639"
"Aperibé","Aperibe","-21.6208","-42.1028","Brazil","BR","BRA","Rio de Janeiro","minor","11034","1076210248"
"Anguera","Anguera","-12.1508","-39.2458","Brazil","BR","BRA","Bahia","minor","11031","1076371301"
"São Félix","Sao Felix","-12.6050","-38.9719","Brazil","BR","BRA","Bahia","minor","11026","1076181846"
"Botuporã","Botupora","-13.3819","-42.5228","Brazil","BR","BRA","Bahia","minor","11024","1076965505"
"Carmo da Mata","Carmo da Mata","-20.5578","-44.8708","Brazil","BR","BRA","Minas Gerais","minor","11019","1076608875"
"Itatuba","Itatuba","-7.3750","-35.6283","Brazil","BR","BRA","Paraíba","minor","11016","1076342881"
"Patu","Patu","-6.1100","-37.6369","Brazil","BR","BRA","Rio Grande do Norte","minor","11007","1076613644"
"Cerro Corá","Cerro Cora","-6.0458","-36.3458","Brazil","BR","BRA","Rio Grande do Norte","minor","11000","1076575951"
"Itiruçu","Itirucu","-13.5319","-40.1500","Brazil","BR","BRA","Bahia","minor","10999","1076026512"
"Upanema","Upanema","-5.6419","-37.2578","Brazil","BR","BRA","Rio Grande do Norte","minor","10991","1076592037"
"Ribeirão Bonito","Ribeirao Bonito","-22.0669","-48.1758","Brazil","BR","BRA","São Paulo","minor","10989","1076447966"
"Pinhalzinho","Pinhalzinho","-22.7800","-46.5700","Brazil","BR","BRA","São Paulo","minor","10986","1076934968"
"Paraúna","Parauna","-16.9478","-50.4486","Brazil","BR","BRA","Goiás","","10980","1076649178"
"Duas Barras","Duas Barras","-22.0508","-42.5219","Brazil","BR","BRA","Rio de Janeiro","minor","10980","1076491298"
"Piraí do Norte","Pirai do Norte","-13.7619","-39.3789","Brazil","BR","BRA","Bahia","minor","10974","1076939449"
"Manaíra","Manaira","-7.7061","-38.1544","Brazil","BR","BRA","Paraíba","minor","10972","1076296025"
"Guiratinga","Guiratinga","-16.3489","-53.7578","Brazil","BR","BRA","Mato Grosso","minor","10966","1076329698"
"Três Cachoeiras","Tres Cachoeiras","-29.4558","-49.9239","Brazil","BR","BRA","Rio Grande do Sul","minor","10962","1076760504"
"Matias Olímpio","Matias Olimpio","-3.7158","-42.5556","Brazil","BR","BRA","Piauí","minor","10958","1076360856"
"Cunha Porã","Cunha Pora","-26.8939","-53.1678","Brazil","BR","BRA","Santa Catarina","minor","10953","1076606926"
"Ibiraci","Ibiraci","-20.4619","-47.1219","Brazil","BR","BRA","Minas Gerais","minor","10948","1076264003"
"Rialma","Rialma","-15.3150","-49.5844","Brazil","BR","BRA","Goiás","minor","10940","1076379241"
"Itamarati","Itamarati","-6.4250","-68.2528","Brazil","BR","BRA","Amazonas","minor","10937","1076385125"
"Cantagalo","Cantagalo","-25.3739","-52.1258","Brazil","BR","BRA","Paraná","minor","10933","1076426121"
"São Pedro da Água Branca","Sao Pedro da Agua Branca","-5.0850","-48.4289","Brazil","BR","BRA","Maranhão","minor","10927","1076015674"
"Bueno Brandão","Bueno Brandao","-22.4408","-46.3508","Brazil","BR","BRA","Minas Gerais","minor","10911","1076032928"
"Groaíras","Groairas","-3.9128","-40.3828","Brazil","BR","BRA","Ceará","minor","10910","1076421246"
"Conceição do Castelo","Conceicao do Castelo","-20.3678","-41.2439","Brazil","BR","BRA","Espírito Santo","minor","10910","1076739978"
"Água Doce","Agua Doce","-18.5464","-40.9828","Brazil","BR","BRA","Espírito Santo","minor","10909","1076588183"
"Passa e Fica","Passa e Fica","-6.4358","-35.6428","Brazil","BR","BRA","Rio Grande do Norte","minor","10896","1076772213"
"Gilbués","Gilbues","-9.8319","-45.3439","Brazil","BR","BRA","Piauí","minor","10892","1076491367"
"Alto Rio Doce","Alto Rio Doce","-21.0258","-43.4108","Brazil","BR","BRA","Minas Gerais","minor","10891","1076504433"
"Sairé","Saire","-8.3278","-35.7058","Brazil","BR","BRA","Pernambuco","minor","10887","1076702989"
"Gentio do Ouro","Gentio do Ouro","-11.4289","-42.5058","Brazil","BR","BRA","Bahia","minor","10884","1076957913"
"Coroaci","Coroaci","-18.6219","-42.2858","Brazil","BR","BRA","Minas Gerais","minor","10884","1076620759"
"Conceição dos Ouros","Conceicao dos Ouros","-22.4128","-45.7978","Brazil","BR","BRA","Minas Gerais","minor","10880","1076803809"
"Bofete","Bofete","-23.1022","-48.2578","Brazil","BR","BRA","São Paulo","minor","10879","1076000023"
"Governador Lindenberg","Governador Lindenberg","-19.2519","-40.4608","Brazil","BR","BRA","Espírito Santo","minor","10869","1076956567"
"Avelino Lopes","Avelino Lopes","-10.1369","-43.9489","Brazil","BR","BRA","Piauí","minor","10866","1076060321"
"Rio dos Cedros","Rio dos Cedros","-26.7378","-49.2739","Brazil","BR","BRA","Santa Catarina","minor","10865","1076000091"
"Martinópole","Martinopole","-3.2258","-40.6969","Brazil","BR","BRA","Ceará","minor","10846","1076944697"
"Afonso Bezerra","Afonso Bezerra","-5.4978","-36.5058","Brazil","BR","BRA","Rio Grande do Norte","minor","10839","1076653188"
"Urubici","Urubici","-28.0150","-49.5919","Brazil","BR","BRA","Santa Catarina","minor","10834","1076702704"
"Roseira","Roseira","-22.8978","-45.3050","Brazil","BR","BRA","São Paulo","minor","10832","1076731583"
"Centenário do Sul","Centenario do Sul","-22.8208","-51.5950","Brazil","BR","BRA","Paraná","minor","10832","1076604544"
"Sítio Novo de Goiás","Sitio Novo de Goias","-5.6008","-47.6378","Brazil","BR","BRA","Tocantins","","10830","1076199362"
"São Jerônimo da Serra","Sao Jeronimo da Serra","-23.7278","-50.7408","Brazil","BR","BRA","Paraná","minor","10830","1076606884"
"Igaratinga","Igaratinga","-19.9550","-44.7089","Brazil","BR","BRA","Minas Gerais","minor","10830","1076729313"
"Laranja da Terra","Laranja da Terra","-19.8989","-41.0567","Brazil","BR","BRA","Espírito Santo","minor","10826","1076968120"
"São Luís do Curu","Sao Luis do Curu","-3.6700","-39.2428","Brazil","BR","BRA","Ceará","minor","10822","1076329932"
"Amaturá","Amatura","-3.3639","-68.1978","Brazil","BR","BRA","Amazonas","minor","10819","1076997362"
"Olivença","Olivenca","-9.5186","-37.1906","Brazil","BR","BRA","Alagoas","minor","10812","1076408524"
"Tacuru","Tacuru","-23.6328","-55.0158","Brazil","BR","BRA","Mato Grosso do Sul","minor","10808","1076103112"
"Eugenópolis","Eugenopolis","-21.0989","-42.1869","Brazil","BR","BRA","Minas Gerais","minor","10801","1076538883"
"Terra Boa","Terra Boa","-12.3919","-38.6250","Brazil","BR","BRA","Bahia","minor","10798","1076578412"
"Guaraciaba","Guaraciaba","-26.5989","-53.5178","Brazil","BR","BRA","Santa Catarina","minor","10796","1076248492"
"Barbosa Ferraz","Barbosa Ferraz","-24.0300","-52.0119","Brazil","BR","BRA","Paraná","minor","10795","1076936021"
"Guaraci","Guaraci","-20.4986","-48.9447","Brazil","BR","BRA","São Paulo","minor","10778","1076832083"
"Itamogi","Itamogi","-21.0778","-47.0478","Brazil","BR","BRA","Minas Gerais","minor","10770","1076902306"
"Pedralva","Pedralva","-22.2428","-45.4658","Brazil","BR","BRA","Minas Gerais","minor","10760","1076000746"
"Iramaia","Iramaia","-13.2858","-40.9508","Brazil","BR","BRA","Bahia","minor","10752","1076713749"
"Capela do Alto Alegre","Capela do Alto Alegre","-11.6678","-39.8378","Brazil","BR","BRA","Bahia","minor","10744","1076582203"
"Juruá","Jurua","-3.4808","-66.0689","Brazil","BR","BRA","Amazonas","minor","10742","1076219164"
"Uropá","Uropa","-11.1406","-62.3608","Brazil","BR","BRA","Rondônia","minor","10725","1076856574"
"Candiota","Candiota","-31.5578","-53.6728","Brazil","BR","BRA","Rio Grande do Sul","minor","10710","1076794665"
"Tamarana","Tamarana","-23.7228","-51.0969","Brazil","BR","BRA","Paraná","minor","10707","1076234264"
"Mara Rosa","Mara Rosa","-14.0169","-49.1778","Brazil","BR","BRA","Goiás","minor","10700","1076150786"
"Querência do Norte","Querencia do Norte","-23.0839","-53.4839","Brazil","BR","BRA","Paraná","minor","10685","1076782495"
"Iretama","Iretama","-24.4239","-52.1058","Brazil","BR","BRA","Paraná","minor","10684","1076488338"
"São João da Ocalina","Sao Joao da Ocalina","-23.9800","-51.8178","Brazil","BR","BRA","Paraná","minor","10667","1076299842"
"Capim Branco","Capim Branco","-19.5489","-44.1169","Brazil","BR","BRA","Minas Gerais","minor","10663","1076851522"
"Monte Alegre do Piauí","Monte Alegre do Piaui","-9.7539","-45.3039","Brazil","BR","BRA","Piauí","minor","10660","1076223084"
"Ponte Serrada","Ponte Serrada","-26.8719","-52.0158","Brazil","BR","BRA","Santa Catarina","minor","10649","1076102592"
"Santa Terezinha de Goiás","Santa Terezinha de Goias","-14.4378","-49.7058","Brazil","BR","BRA","Goiás","minor","10645","1076003561"
"Coité do Nóia","Coite do Noia","-9.6322","-36.5786","Brazil","BR","BRA","Alagoas","minor","10643","1076884049"
"São Félix do Araguaia","Sao Felix do Araguaia","-11.6169","-50.6689","Brazil","BR","BRA","Mato Grosso","minor","10625","1076329274"
"Jacinto Machado","Jacinto Machado","-28.9969","-49.7639","Brazil","BR","BRA","Santa Catarina","minor","10624","1076638099"
"Calçoene","Calcoene","2.4978","-50.9489","Brazil","BR","BRA","Amapá","minor","10612","1076001919"
"Canápolis","Canapolis","-18.7250","-49.2039","Brazil","BR","BRA","Minas Gerais","minor","10608","1076393756"
"Pires Ferreira","Pires Ferreira","-4.2469","-40.6450","Brazil","BR","BRA","Ceará","minor","10606","1076964579"
"Urucânia","Urucania","-20.3508","-42.7389","Brazil","BR","BRA","Minas Gerais","minor","10600","1076102437"
"Acari","Acari","-6.4358","-36.6389","Brazil","BR","BRA","Rio Grande do Norte","minor","10597","1076782658"
"Itarana","Itarana","-19.8739","-40.8750","Brazil","BR","BRA","Espírito Santo","minor","10597","1076953622"
"Monte Dourado","Monte Dourado","-0.8667","-52.5167","Brazil","BR","BRA","Pará","","10590","1076514172"
"Ninheira","Ninheira","-15.3208","-41.7539","Brazil","BR","BRA","Minas Gerais","minor","10588","1076790896"
"Piratininga","Piratininga","-22.4128","-49.1350","Brazil","BR","BRA","São Paulo","minor","10584","1076861726"
"Iaciara","Iaciara","-14.0958","-46.6319","Brazil","BR","BRA","Goiás","minor","10584","1076012245"
"Chorrochó","Chorrocho","-8.9800","-39.0939","Brazil","BR","BRA","Bahia","minor","10579","1076318650"
"Jaguari","Jaguari","-29.4969","-54.6900","Brazil","BR","BRA","Rio Grande do Sul","minor","10579","1076183625"
"Paricônia","Pariconia","-9.2539","-38.0058","Brazil","BR","BRA","Alagoas","minor","10573","1076791574"
"Lagoa do Mato","Lagoa do Mato","-6.0469","-43.5258","Brazil","BR","BRA","Maranhão","minor","10572","1076574192"
"Mulungu","Mulungu","-4.3058","-38.9958","Brazil","BR","BRA","Ceará","minor","10569","1076343616"
"Pôrto Firme","Porto Firme","-20.6728","-43.0839","Brazil","BR","BRA","Minas Gerais","minor","10569","1076023873"
"Catanduvas","Catanduvas","-27.0708","-51.6619","Brazil","BR","BRA","Santa Catarina","minor","10566","1076593724"
"Monsenhor Gil","Monsenhor Gil","-5.5642","-42.6078","Brazil","BR","BRA","Piauí","minor","10564","1076756343"
"Corumbá de Goiás","Corumba de Goias","-15.9239","-48.8089","Brazil","BR","BRA","Goiás","minor","10562","1076265793"
"Cachoeira de Minas","Cachoeira de Minas","-22.3550","-45.7789","Brazil","BR","BRA","Minas Gerais","minor","10555","1076635151"
"São José do Calçado","Sao Jose do Calcado","-21.0253","-41.6544","Brazil","BR","BRA","Espírito Santo","minor","10546","1076530906"
"Paranã","Parana","-12.6150","-47.8828","Brazil","BR","BRA","Tocantins","minor","10542","1076862389"
"Mario Campos","Mario Campos","-20.0558","-44.1878","Brazil","BR","BRA","Minas Gerais","minor","10535","1076413887"
"Floresta Azul","Floresta Azul","-14.8600","-39.6600","Brazil","BR","BRA","Bahia","minor","10525","1076945330"
"Wanderlândia","Wanderlandia","-6.8489","-47.9628","Brazil","BR","BRA","Tocantins","minor","10522","1076857031"
"Benedito Novo","Benedito Novo","-26.7828","-49.3639","Brazil","BR","BRA","Santa Catarina","minor","10520","1076784672"
"Recreio","Recreio","-21.5250","-42.4692","Brazil","BR","BRA","Minas Gerais","minor","10520","1076403052"
"Cedro","Cedro","-7.7219","-39.2389","Brazil","BR","BRA","Pernambuco","minor","10518","1076317515"
"Xambioá","Xambioa","-6.4108","-48.5358","Brazil","BR","BRA","Tocantins","","10517","1076712619"
"Vargem","Vargem","-22.8889","-46.4139","Brazil","BR","BRA","São Paulo","minor","10512","1076267922"
"Cristino Castro","Cristino Castro","-8.8178","-44.2239","Brazil","BR","BRA","Piauí","minor","10503","1076946451"
"Poção","Pocao","-8.1858","-36.7050","Brazil","BR","BRA","Pernambuco","minor","10500","1076278807"
"Rio do Pires","Rio do Pires","-13.1278","-42.2919","Brazil","BR","BRA","Bahia","minor","10497","1076703225"
"Buriti Alegre","Buriti Alegre","-18.1439","-49.0439","Brazil","BR","BRA","Goiás","minor","10495","1076584363"
"Delta","Delta","-19.9769","-47.7708","Brazil","BR","BRA","Minas Gerais","minor","10494","1076003127"
"Presidente Vargas","Presidente Vargas","-3.4069","-44.0239","Brazil","BR","BRA","Maranhão","minor","10483","1076559761"
"Alfredo Wagner","Alfredo Wagner","-27.7000","-49.3339","Brazil","BR","BRA","Santa Catarina","minor","10481","1076900452"
"Saúde","Saude","-10.9408","-40.4178","Brazil","BR","BRA","Bahia","minor","10478","1076626668"
"Itaipé","Itaipe","-17.4019","-41.6689","Brazil","BR","BRA","Minas Gerais","minor","10463","1076171183"
"Floresta","Floresta","-23.5989","-52.0808","Brazil","BR","BRA","Paraná","minor","10458","1076770521"
"Macajuba","Macajuba","-12.1358","-40.3600","Brazil","BR","BRA","Bahia","minor","10454","1076763287"
"Catanduvas","Catanduvas","-25.2028","-53.1569","Brazil","BR","BRA","Paraná","minor","10446","1076928587"
"Fervedouro","Fervedouro","-20.7258","-42.2789","Brazil","BR","BRA","Minas Gerais","minor","10445","1076636740"
"Catunda","Catunda","-4.6478","-40.2008","Brazil","BR","BRA","Ceará","minor","10444","1076914207"
"Muquém de São Francisco","Muquem de Sao Francisco","-12.0650","-43.5489","Brazil","BR","BRA","Bahia","minor","10443","1076874616"
"Santa Teresinha","Santa Teresinha","-12.7719","-39.5228","Brazil","BR","BRA","Bahia","minor","10441","1076693294"
"São Sebastião da Grama","Sao Sebastiao da Grama","-21.7108","-46.8208","Brazil","BR","BRA","São Paulo","minor","10441","1076446818"
"Nova Europa","Nova Europa","-21.7783","-48.5608","Brazil","BR","BRA","São Paulo","minor","10439","1076407128"
"Ibiassucê","Ibiassuce","-14.2589","-42.2569","Brazil","BR","BRA","Bahia","minor","10429","1076462026"
"Firminópolis","Firminopolis","-16.5819","-50.3050","Brazil","BR","BRA","Goiás","minor","10419","1076315971"
"Roca Sales","Roca Sales","-29.2839","-51.8678","Brazil","BR","BRA","Rio Grande do Sul","minor","10418","1076512734"
"Dona Inês","Dona Ines","-6.6136","-35.6267","Brazil","BR","BRA","Paraíba","minor","10413","1076268862"
"Uraí","Urai","-23.1978","-50.7958","Brazil","BR","BRA","Paraná","minor","10406","1076009202"
"Planalto","Planalto","-27.3289","-53.0589","Brazil","BR","BRA","Rio Grande do Sul","minor","10406","1076020835"
"Terra Alta","Terra Alta","-1.0378","-47.9078","Brazil","BR","BRA","Pará","minor","10400","1076764322"
"Uchoa","Uchoa","-20.9528","-49.1750","Brazil","BR","BRA","São Paulo","minor","10394","1076170916"
"Coronel Freitas","Coronel Freitas","-26.9089","-52.7028","Brazil","BR","BRA","Santa Catarina","minor","10388","1076871114"
"Constantina","Constantina","-27.7350","-52.9919","Brazil","BR","BRA","Rio Grande do Sul","minor","10385","1076797268"
"Senhora dos Remédios","Senhora dos Remedios","-21.0278","-43.5828","Brazil","BR","BRA","Minas Gerais","minor","10384","1076268032"
"Caém","Caem","-11.1000","-40.4333","Brazil","BR","BRA","Bahia","minor","10384","1076157076"
"Paramoti","Paramoti","-4.0969","-39.2389","Brazil","BR","BRA","Ceará","minor","10384","1076701260"
"Capitólio","Capitolio","-20.6150","-46.0500","Brazil","BR","BRA","Minas Gerais","minor","10380","1076592290"
"Belém de Maria","Belem de Maria","-8.6139","-35.8089","Brazil","BR","BRA","Pernambuco","minor","10378","1076406232"
"Cristina","Cristina","-22.2119","-45.2639","Brazil","BR","BRA","Minas Gerais","minor","10374","1076697532"
"Mercês","Merces","-21.1939","-43.3408","Brazil","BR","BRA","Minas Gerais","minor","10373","1076984501"
"Conceição da Aparecida","Conceicao da Aparecida","-21.0939","-46.2039","Brazil","BR","BRA","Minas Gerais","minor","10371","1076238333"
"Sarapuí","Sarapui","-23.6408","-47.8250","Brazil","BR","BRA","São Paulo","minor","10369","1076402812"
"Nova Olinda","Nova Olinda","-7.6319","-48.4228","Brazil","BR","BRA","Tocantins","minor","10367","1076539934"
"Itabirinha de Mantena","Itabirinha de Mantena","-18.5658","-41.2328","Brazil","BR","BRA","Minas Gerais","minor","10362","1076325783"
"Jaguaribara","Jaguaribara","-5.6578","-38.6200","Brazil","BR","BRA","Ceará","minor","10356","1076747362"
"São Bento do Sapucaí","Sao Bento do Sapucai","-22.6889","-45.7308","Brazil","BR","BRA","São Paulo","minor","10355","1076414119"
"Irupi","Irupi","-20.3450","-41.6408","Brazil","BR","BRA","Espírito Santo","minor","10354","1076291312"
"Rio do Fogo","Rio do Fogo","-5.2728","-35.3828","Brazil","BR","BRA","Rio Grande do Norte","minor","10351","1076926455"
"Dário Meira","Dario Meira","-14.4358","-39.9078","Brazil","BR","BRA","Bahia","minor","10347","1076782053"
"Santa Maria de Itabira","Santa Maria de Itabira","-19.4489","-43.1128","Brazil","BR","BRA","Minas Gerais","minor","10346","1076857591"
"Itapé","Itape","-14.8978","-39.4208","Brazil","BR","BRA","Bahia","minor","10341","1076267956"
"Palmeiras","Palmeiras","-12.5289","-41.5589","Brazil","BR","BRA","Bahia","minor","10339","1076798897"
"São Luís do Paraitinga","Sao Luis do Paraitinga","-23.2219","-45.3100","Brazil","BR","BRA","São Paulo","minor","10337","1076106138"
"São Miguel das Matas","Sao Miguel das Matas","-13.0478","-39.4558","Brazil","BR","BRA","Bahia","minor","10334","1076012049"
"Matina","Matina","-13.9089","-42.8489","Brazil","BR","BRA","Bahia","minor","10330","1076781107"
"Santo Antônio do Jacinto","Santo Antonio do Jacinto","-16.5339","-40.1758","Brazil","BR","BRA","Minas Gerais","minor","10327","1076580986"
"São Domingos","Sao Domingos","-10.7908","-37.5678","Brazil","BR","BRA","Sergipe","minor","10327","1076641511"
"Alvorada do Sul","Alvorada do Sul","-22.7800","-51.2308","Brazil","BR","BRA","Paraná","minor","10326","1076000190"
"Ananás","Ananas","-6.3658","-48.0728","Brazil","BR","BRA","Tocantins","minor","10325","1076131174"
"Pintadas","Pintadas","-11.8128","-39.9089","Brazil","BR","BRA","Bahia","minor","10325","1076824576"
"Inhangapi","Inhangapi","-1.4300","-47.9169","Brazil","BR","BRA","Pará","minor","10325","1076688647"
"Itaueira","Itaueira","-7.6028","-43.0258","Brazil","BR","BRA","Piauí","minor","10323","1076966094"
"Àrvorezinha","Arvorezinha","-28.8719","-52.1750","Brazil","BR","BRA","Rio Grande do Sul","minor","10322","1076700097"
"Caracol","Caracol","-9.2789","-43.3300","Brazil","BR","BRA","Piauí","minor","10318","1076578304"
"São Romão","Sao Romao","-16.3689","-45.0689","Brazil","BR","BRA","Minas Gerais","minor","10315","1076057326"
"Virginópolis","Virginopolis","-18.8228","-42.7039","Brazil","BR","BRA","Minas Gerais","minor","10314","1076474874"
"General Salgado","General Salgado","-20.6478","-50.3608","Brazil","BR","BRA","São Paulo","minor","10312","1076323931"
"Riolândia","Riolandia","-19.9900","-49.6808","Brazil","BR","BRA","São Paulo","minor","10309","1076627058"
"Rodelas","Rodelas","-8.8508","-38.7558","Brazil","BR","BRA","Bahia","minor","10308","1076961333"
"Buriti do Tocantins","Buriti do Tocantins","-5.3158","-48.2289","Brazil","BR","BRA","Tocantins","minor","10307","1076608745"
"Maurilândia","Maurilandia","-17.9708","-50.3389","Brazil","BR","BRA","Goiás","minor","10304","1076850976"
"Jordânia","Jordania","-15.9000","-40.1778","Brazil","BR","BRA","Minas Gerais","minor","10304","1076746673"
"Trajano de Morais","Trajano de Morais","-22.0628","-42.0658","Brazil","BR","BRA","Rio de Janeiro","minor","10302","1076642739"
"Santa Inês","Santa Ines","-13.2938","-39.8655","Brazil","BR","BRA","Bahia","minor","10300","1076978207"
"Rubim","Rubim","-16.3750","-40.5378","Brazil","BR","BRA","Minas Gerais","minor","10298","1076786475"
"Bonfinópolis","Bonfinopolis","-16.6178","-48.9628","Brazil","BR","BRA","Goiás","minor","10296","1076282296"
"Ouroeste","Ouroeste","-20.0008","-50.3719","Brazil","BR","BRA","São Paulo","minor","10294","1076000763"
"Seridó","Serido","-6.9339","-36.4019","Brazil","BR","BRA","Paraíba","","10291","1076297099"
"Guimarães","Guimaraes","-2.1328","-44.6008","Brazil","BR","BRA","Maranhão","minor","10290","1076683401"
"Arraias","Arraias","-12.9308","-46.9378","Brazil","BR","BRA","Tocantins","minor","10287","1076635792"
"São Geraldo","Sao Geraldo","-20.9228","-42.8339","Brazil","BR","BRA","Minas Gerais","minor","10282","1076340337"
"São Carlos","Sao Carlos","-27.0778","-53.0039","Brazil","BR","BRA","Santa Catarina","minor","10282","1076654871"
"Itapitanga","Itapitanga","-14.4228","-39.5650","Brazil","BR","BRA","Bahia","minor","10279","1076215171"
"Potiraguá","Potiragua","-15.5950","-39.8769","Brazil","BR","BRA","Bahia","minor","10274","1076725236"
"Guadalupe","Guadalupe","-6.7869","-43.5689","Brazil","BR","BRA","Piauí","minor","10270","1076819402"
"Saudade","Saudade","-26.9239","-53.0028","Brazil","BR","BRA","Santa Catarina","minor","10265","1076589237"
"Tenente Ananias Gomes","Tenente Ananias Gomes","-6.4650","-38.1800","Brazil","BR","BRA","Rio Grande do Norte","minor","10262","1076908562"
"Axixá do Tocantins","Axixa do Tocantins","-5.6169","-47.7689","Brazil","BR","BRA","Tocantins","minor","10262","1076964042"
"Nazária","Nazaria","-5.3608","-42.8083","Brazil","BR","BRA","Piauí","minor","10262","1076238832"
"Rio Acima","Rio Acima","-20.0878","-43.7889","Brazil","BR","BRA","Minas Gerais","minor","10261","1076873685"
"Fronteiras","Fronteiras","-7.0878","-40.6158","Brazil","BR","BRA","Piauí","minor","10259","1076000188"
"Maxaranguape","Maxaranguape","-5.5158","-35.2619","Brazil","BR","BRA","Rio Grande do Norte","minor","10255","1076459990"
"Bonito de Santa Fé","Bonito de Santa Fe","-7.3128","-38.5150","Brazil","BR","BRA","Paraíba","minor","10252","1076000831"
"Jaqueira","Jaqueira","-8.7269","-35.7928","Brazil","BR","BRA","Pernambuco","minor","10247","1076486587"
"São Tiago","Sao Tiago","-20.9128","-44.5089","Brazil","BR","BRA","Minas Gerais","minor","10245","1076477896"
"Santa Teresinha (2)","Santa Teresinha (2)","-7.3778","-37.4800","Brazil","BR","BRA","Pernambuco","minor","10244","1076032164"
"Catarina","Catarina","-6.1308","-39.8778","Brazil","BR","BRA","Ceará","minor","10243","1076764846"
"Palmácia","Palmacia","-4.1500","-38.8458","Brazil","BR","BRA","Ceará","minor","10242","1076617184"
"Angelim","Angelim","-8.8833","-36.2833","Brazil","BR","BRA","Pernambuco","minor","10241","1076806495"
"Vila Muriqui","Vila Muriqui","-22.9228","-43.9456","Brazil","BR","BRA","Rio de Janeiro","","10241","1076586830"
"Sucupira do Norte","Sucupira do Norte","-6.4769","-44.1919","Brazil","BR","BRA","Maranhão","minor","10238","1076904924"
"Agudos do Sul","Agudos do Sul","-25.9928","-49.3350","Brazil","BR","BRA","Paraná","minor","10233","1076267652"
"Santa Maria Madalena","Santa Maria Madalena","-21.9550","-42.0078","Brazil","BR","BRA","Rio de Janeiro","minor","10232","1076086905"
"Igarapé Grande","Igarape Grande","-4.5850","-44.8528","Brazil","BR","BRA","Maranhão","minor","10231","1076258716"
"Duque Bacelar","Duque Bacelar","-4.1558","-42.9439","Brazil","BR","BRA","Maranhão","minor","10223","1076190731"
"São Miguel de Touros","Sao Miguel de Touros","-5.1250","-35.6389","Brazil","BR","BRA","Rio Grande do Norte","minor","10221","1076965205"
"Campo Redondo","Campo Redondo","-6.2428","-36.1828","Brazil","BR","BRA","Rio Grande do Norte","minor","10215","1076821934"
"Divisópolis","Divisopolis","-15.7258","-41.0000","Brazil","BR","BRA","Minas Gerais","minor","10213","1076864347"
"Pântano Grande","Pantano Grande","-30.1908","-52.3739","Brazil","BR","BRA","Rio Grande do Sul","minor","10212","1076467088"
"Cedral","Cedral","-2.0000","-44.5358","Brazil","BR","BRA","Maranhão","minor","10208","1076943907"
"Varre-Sai","Varre-Sai","-20.9308","-41.8689","Brazil","BR","BRA","Rio de Janeiro","minor","10207","1076621254"
"Centralina","Centralina","-18.5839","-49.1989","Brazil","BR","BRA","Minas Gerais","minor","10207","1076688673"
"Pôrto Esperidião","Porto Esperidiao","-15.8528","-58.4600","Brazil","BR","BRA","Mato Grosso","minor","10204","1076867575"
"Cortês","Cortes","-8.4700","-35.5436","Brazil","BR","BRA","Pernambuco","minor","10198","1076047462"
"Florânia","Florania","-6.1269","-36.8178","Brazil","BR","BRA","Rio Grande do Norte","minor","10196","1076075803"
"Irani","Irani","-27.0250","-51.9019","Brazil","BR","BRA","Santa Catarina","minor","10195","1076680250"
"Arataca","Arataca","-15.2628","-39.4139","Brazil","BR","BRA","Bahia","minor","10191","1076983532"
"Pescaria Brava","Pescaria Brava","-28.3833","-48.8833","Brazil","BR","BRA","Santa Catarina","minor","10190","1076082344"
"São José do Jacuípe","Sao Jose do Jacuipe","-11.5048","-40.0225","Brazil","BR","BRA","Bahia","","10187","1076174569"
"São José do Jacuípe","Sao Jose do Jacuipe","-11.4119","-39.8669","Brazil","BR","BRA","Bahia","minor","10187","1076002540"
"Mirante","Mirante","-14.2419","-40.7728","Brazil","BR","BRA","Bahia","minor","10187","1076774465"
"Gudofredo Viana","Gudofredo Viana","-1.4028","-45.7800","Brazil","BR","BRA","Maranhão","minor","10186","1076813399"
"Carmo do Rio Verde","Carmo do Rio Verde","-15.3536","-49.7075","Brazil","BR","BRA","Goiás","minor","10186","1076166085"
"Vera Cruz","Vera Cruz","-22.2200","-49.8189","Brazil","BR","BRA","São Paulo","minor","10176","1076644611"
"Bela Vista de Minas","Bela Vista de Minas","-19.8300","-43.0908","Brazil","BR","BRA","Minas Gerais","minor","10167","1076180977"
"Itapiranga","Itapiranga","-2.7489","-58.0219","Brazil","BR","BRA","Amazonas","minor","10162","1076151617"
"Serra Caiada","Serra Caiada","-6.1058","-35.7128","Brazil","BR","BRA","Rio Grande do Norte","minor","10125","1076713679"
"Cajapió","Cajapio","-2.9667","-44.8000","Brazil","BR","BRA","Rio Grande do Norte","","10121","1076410776"
"Parnaguá","Parnagua","-10.2269","-44.6389","Brazil","BR","BRA","Piauí","minor","10103","1076238143"
"Primeiro de Maio","Primeiro de Maio","-22.8508","-51.0278","Brazil","BR","BRA","Paraná","minor","10082","1076129700"
"São Sebastião do Maranhão","Sao Sebastiao do Maranhao","-18.0839","-42.5708","Brazil","BR","BRA","Minas Gerais","minor","10079","1076095024"
"Umarizal","Umarizal","-5.9908","-37.8139","Brazil","BR","BRA","Rio Grande do Norte","minor","10078","1076582699"
"Porangaba","Porangaba","-23.1758","-48.1250","Brazil","BR","BRA","São Paulo","minor","10067","1076548805"
"Mondaí","Mondai","-27.1028","-53.4019","Brazil","BR","BRA","Santa Catarina","minor","10066","1076954826"
"Abaiara","Abaiara","-7.3589","-39.0458","Brazil","BR","BRA","Ceará","minor","10038","1076855645"
"Loreto","Loreto","-7.0839","-45.1408","Brazil","BR","BRA","Maranhão","minor","10024","1076606778"
"Dumont","Dumont","-21.2364","-47.9733","Brazil","BR","BRA","São Paulo","minor","10023","1076221690"
"Juripiranga","Juripiranga","-7.3728","-35.2378","Brazil","BR","BRA","Paraíba","minor","10012","1076780471"
"Dores de Campos","Dores de Campos","-21.1089","-44.0228","Brazil","BR","BRA","Minas Gerais","minor","10007","1076670451"
"São Tomé","Sao Tome","-5.9728","-36.0750","Brazil","BR","BRA","Rio Grande do Norte","minor","9972","1076775707"
"Bananal","Bananal","-22.6839","-44.3228","Brazil","BR","BRA","São Paulo","minor","9969","1076455705"
"Anamã","Anama","-3.5800","-61.4039","Brazil","BR","BRA","Amazonas","minor","9962","1076345871"
"Arauá","Araua","-11.2622","-37.6197","Brazil","BR","BRA","Sergipe","minor","9947","1076564107"
"Caraíbas","Caraibas","-14.6000","-41.3350","Brazil","BR","BRA","Bahia","minor","9940","1076820900"
"Pôrto Xavier","Porto Xavier","-27.9058","-55.1378","Brazil","BR","BRA","Rio Grande do Sul","minor","9938","1076184163"
"Ipupiara","Ipupiara","-11.8200","-42.6139","Brazil","BR","BRA","Bahia","minor","9935","1076106474"
"Santa Maria","Santa Maria","-24.9333","-51.8500","Brazil","BR","BRA","Paraná","minor","9934","1076001115"
"Mulungu","Mulungu","-7.0244","-35.4619","Brazil","BR","BRA","Paraíba","minor","9932","1076888806"
"Beneditinos","Beneditinos","-5.4550","-42.3600","Brazil","BR","BRA","Piauí","minor","9929","1076594743"
"Grossos","Grossos","-4.9800","-37.1550","Brazil","BR","BRA","Rio Grande do Norte","minor","9924","1076598247"
"Setubinha","Setubinha","-17.6000","-42.1589","Brazil","BR","BRA","Minas Gerais","minor","9917","1076403367"
"Varzedo","Varzedo","-12.9708","-39.3939","Brazil","BR","BRA","Bahia","minor","9913","1076982829"
"Manduri","Manduri","-23.0033","-49.3219","Brazil","BR","BRA","São Paulo","minor","9910","1076633866"
"Itapeva","Itapeva","-22.7678","-46.2208","Brazil","BR","BRA","Minas Gerais","minor","9881","1076658092"
"Terra de Areia","Terra de Areia","-29.5850","-50.0708","Brazil","BR","BRA","Rio Grande do Sul","minor","9878","1076030490"
"Lajes","Lajes","-5.7000","-36.2450","Brazil","BR","BRA","Rio Grande do Norte","minor","9866","1076524454"
"Nhandeara","Nhandeara","-20.6939","-50.0378","Brazil","BR","BRA","São Paulo","minor","9852","1076817297"
"Juru","Juru","-7.5369","-37.8186","Brazil","BR","BRA","Paraíba","minor","9849","1076841131"
"Mariluz","Mariluz","-24.0019","-53.1458","Brazil","BR","BRA","Paraná","minor","9847","1076480986"
"Aramari","Aramari","-12.0819","-38.4989","Brazil","BR","BRA","Bahia","minor","9833","1076419500"
"Berilo","Berilo","-16.9519","-42.4658","Brazil","BR","BRA","Minas Gerais","minor","9826","1076515004"
"Guia Lopes da Laguna","Guia Lopes da Laguna","-21.4578","-56.1142","Brazil","BR","BRA","Mato Grosso do Sul","minor","9824","1076661198"
"Apiúna","Apiuna","-27.0358","-49.3900","Brazil","BR","BRA","Santa Catarina","minor","9811","1076920853"
"Santa Rosa","Santa Rosa","-29.1333","-49.7167","Brazil","BR","BRA","Santa Catarina","","9792","1076647733"
"Ronda Alta","Ronda Alta","-27.7669","-52.8019","Brazil","BR","BRA","Rio Grande do Sul","minor","9777","1076110124"
"Quilombo","Quilombo","-26.7258","-52.7208","Brazil","BR","BRA","Santa Catarina","minor","9773","1076105632"
"Barracão","Barracao","-26.2539","-53.6328","Brazil","BR","BRA","Paraná","minor","9759","1076190818"
"Guaraciaba","Guaraciaba","-20.5708","-43.0078","Brazil","BR","BRA","Minas Gerais","minor","9753","1076680963"
"Ribeirão do Largo","Ribeirao do Largo","-15.4589","-40.7389","Brazil","BR","BRA","Bahia","minor","9740","1076696534"
"Redentora","Redentora","-27.6639","-53.6378","Brazil","BR","BRA","Rio Grande do Sul","minor","9738","1076814918"
"Bom Jesus da Serra","Bom Jesus da Serra","-14.3719","-40.5039","Brazil","BR","BRA","Bahia","minor","9730","1076590196"
"Alto Piquiri","Alto Piquiri","-24.0278","-53.4408","Brazil","BR","BRA","Paraná","minor","9727","1076224592"
"Nova Floresta","Nova Floresta","-6.4550","-36.2028","Brazil","BR","BRA","Paraíba","minor","9724","1076323638"
"Primavera","Primavera","-0.9428","-47.1158","Brazil","BR","BRA","Pará","minor","9718","1076377239"
"Carnaubais","Carnaubais","-5.3408","-36.8328","Brazil","BR","BRA","Rio Grande do Norte","minor","9714","1076068941"
"Vitorino","Vitorino","-26.2769","-52.7839","Brazil","BR","BRA","Paraná","minor","9706","1076734770"
"Ventania","Ventania","-24.2458","-50.2428","Brazil","BR","BRA","Paraná","minor","9681","1076340729"
"Inácio Martins","Inacio Martins","-25.5708","-51.0789","Brazil","BR","BRA","Paraná","minor","9670","1076765627"
"Jucuruçu","Jucurucu","-16.8428","-40.1589","Brazil","BR","BRA","Bahia","minor","9655","1076806349"
"Palmares Paulista","Palmares Paulista","-21.0828","-48.8008","Brazil","BR","BRA","São Paulo","minor","9650","1076440891"
"Nova Bassano","Nova Bassano","-28.7239","-51.7050","Brazil","BR","BRA","Rio Grande do Sul","minor","9649","1076902566"
"Campo Erê","Campo Ere","-26.3939","-53.0778","Brazil","BR","BRA","Santa Catarina","minor","9623","1076699451"
"Flexeiras","Flexeiras","-9.2728","-35.7150","Brazil","BR","BRA","Alagoas","minor","9618","1076291080"
"Branquinha","Branquinha","-9.2458","-36.0150","Brazil","BR","BRA","Alagoas","minor","9603","1076298127"
"Bálsamo","Balsamo","-20.7350","-49.5839","Brazil","BR","BRA","São Paulo","minor","9596","1076470597"
"Ferros","Ferros","-19.2319","-43.0228","Brazil","BR","BRA","Minas Gerais","minor","9590","1076000745"
"Petrolina de Goiás","Petrolina de Goias","-16.0950","-49.3378","Brazil","BR","BRA","Goiás","","9573","1076646883"
"Paranacity","Paranacity","-22.9300","-52.1508","Brazil","BR","BRA","Paraná","minor","9557","1076613989"
"Cacimbinhas","Cacimbinhas","-9.4000","-36.9900","Brazil","BR","BRA","Alagoas","minor","9552","1076681192"
"Fontoura Xavier","Fontoura Xavier","-28.9828","-52.3458","Brazil","BR","BRA","Rio Grande do Sul","minor","9550","1076928068"
"Teixeira Soares","Teixeira Soares","-25.3678","-50.4608","Brazil","BR","BRA","Paraná","minor","9547","1076944440"
"Maravilha","Maravilha","-9.2358","-37.3500","Brazil","BR","BRA","Alagoas","minor","9534","1076641597"
"Águia Branca","Aguia Branca","-18.9828","-40.7400","Brazil","BR","BRA","Espírito Santo","minor","9519","1076311208"
"Wagner","Wagner","-12.2869","-41.1678","Brazil","BR","BRA","Bahia","minor","9503","1076156238"
"Arenápolis","Arenapolis","-14.4503","-56.8461","Brazil","BR","BRA","Mato Grosso","minor","9502","1076938959"
"Bom Princípio","Bom Principio","-29.4889","-51.3528","Brazil","BR","BRA","Rio Grande do Sul","minor","9494","1076325363"
"Nova Veneza","Nova Veneza","-16.3708","-49.3228","Brazil","BR","BRA","Goiás","minor","9481","1076796114"
"Casca","Casca","-28.5608","-51.9778","Brazil","BR","BRA","Rio Grande do Sul","minor","9465","1076789569"
"Quixabeira","Quixabeira","-11.4119","-40.1278","Brazil","BR","BRA","Bahia","minor","9461","1076003240"
"Cambira","Cambira","-23.5828","-51.5778","Brazil","BR","BRA","Paraná","minor","9460","1076338694"
"Carneirinho","Carneirinho","-19.6978","-50.6878","Brazil","BR","BRA","Minas Gerais","minor","9422","1076730351"
"Ipiranga do Piauí","Ipiranga do Piaui","-6.8278","-41.7408","Brazil","BR","BRA","Piauí","minor","9420","1076619598"
"Estrêla d’Oeste","Estrela d'Oeste","-20.2878","-50.4008","Brazil","BR","BRA","São Paulo","minor","9417","1076949391"
"Anísio de Abreu","Anisio de Abreu","-9.1889","-43.0458","Brazil","BR","BRA","Piauí","minor","9407","1076098947"
"São Jorge d’Oeste","Sao Jorge d'Oeste","-25.7058","-52.9178","Brazil","BR","BRA","Paraná","minor","9378","1076759209"
"Pau Brasil","Pau Brasil","-15.4639","-39.6508","Brazil","BR","BRA","Bahia","minor","9370","1076169153"
"Sebastião Laranjeiras","Sebastiao Laranjeiras","-14.5728","-42.9400","Brazil","BR","BRA","Bahia","minor","9360","1076277213"
"Maraial","Maraial","-8.8028","-35.8289","Brazil","BR","BRA","Pernambuco","minor","9359","1076038461"
"Igaratá","Igarata","-23.2044","-46.1561","Brazil","BR","BRA","São Paulo","minor","9349","1076600029"
"Palhano","Palhano","-4.7450","-37.9589","Brazil","BR","BRA","Ceará","minor","9346","1076664168"
"Pirpirituba","Pirpirituba","-6.7800","-35.4989","Brazil","BR","BRA","Paraíba","minor","9340","1076458711"
"Torrinha","Torrinha","-22.4258","-48.1689","Brazil","BR","BRA","São Paulo","minor","9335","1076302345"
"Água Branca","Agua Branca","-7.5119","-37.6408","Brazil","BR","BRA","Paraíba","minor","9335","1076930079"
"Chupinguaia","Chupinguaia","-12.5522","-60.8997","Brazil","BR","BRA","Rondônia","minor","9324","1076002763"
"Peixe","Peixe","-12.0250","-48.5389","Brazil","BR","BRA","Tocantins","minor","9317","1076553772"
"Barros Cassal","Barros Cassal","-29.0928","-52.5828","Brazil","BR","BRA","Rio Grande do Sul","minor","9296","1076089554"
"Porto de Pedras","Porto de Pedras","-9.1578","-35.2950","Brazil","BR","BRA","Alagoas","minor","9295","1076380921"
"Rosário do Catete","Rosario do Catete","-10.6958","-37.0308","Brazil","BR","BRA","Sergipe","minor","9295","1076520504"
"Jandaíra","Jandaira","-11.5639","-37.7839","Brazil","BR","BRA","Bahia","minor","9285","1076091666"
"Herculândia","Herculandia","-22.0036","-50.3853","Brazil","BR","BRA","São Paulo","minor","9278","1076531050"
"Rinópolis","Rinopolis","-21.7258","-50.7219","Brazil","BR","BRA","São Paulo","minor","9259","1076562968"
"Mirante da Serra","Mirante da Serra","-11.0297","-62.6750","Brazil","BR","BRA","Rondônia","minor","9235","1076768276"
"Nossa Senhora Aparecida","Nossa Senhora Aparecida","-10.4428","-37.4889","Brazil","BR","BRA","Sergipe","minor","9232","1076002872"
"São Domingos","Sao Domingos","-26.5578","-52.5319","Brazil","BR","BRA","Santa Catarina","minor","9226","1076855948"
"Fazendinha","Fazendinha","-0.0245","-51.0975","Brazil","BR","BRA","Amapá","","9226","1076839084"
"Bom Jesus do Norte","Bom Jesus do Norte","-21.1139","-41.6719","Brazil","BR","BRA","Espírito Santo","minor","9226","1076899489"
"Baía da Traição","Baia da Traicao","-6.6878","-34.9358","Brazil","BR","BRA","Paraíba","minor","9224","1076067542"
"Japaratinga","Japaratinga","-9.2544","-35.2578","Brazil","BR","BRA","Alagoas","minor","9219","1076750563"
"Antônio Dias","Antonio Dias","-19.6528","-42.8719","Brazil","BR","BRA","Minas Gerais","minor","9219","1076595263"
"Araújos","Araujos","-19.9478","-45.1658","Brazil","BR","BRA","Minas Gerais","minor","9199","1076956280"
"Cêrro Grande","Cerro Grande","-30.6000","-51.7500","Brazil","BR","BRA","Rio Grande do Sul","minor","9178","1076627862"
"Arceburgo","Arceburgo","-21.3639","-46.9400","Brazil","BR","BRA","Minas Gerais","minor","9177","1076719559"
"Itapebi","Itapebi","-15.9508","-39.5339","Brazil","BR","BRA","Bahia","minor","9174","1076056200"
"Verdejante","Verdejante","-7.9256","-38.9717","Brazil","BR","BRA","Pernambuco","minor","9169","1076829229"
"Corumbaíba","Corumbaiba","-18.1419","-48.5619","Brazil","BR","BRA","Goiás","minor","9164","1076262512"
"Entre Ijuís","Entre Ijuis","-28.3600","-54.2678","Brazil","BR","BRA","Rio Grande do Sul","minor","9158","1076652673"
"Piripá","Piripa","-14.9400","-41.7200","Brazil","BR","BRA","Bahia","minor","9152","1076603542"
"Cachoeira dos Índios","Cachoeira dos Indios","-6.9269","-38.6739","Brazil","BR","BRA","Paraíba","minor","9151","1076916983"
"Buenópolis","Buenopolis","-17.8742","-44.1767","Brazil","BR","BRA","Minas Gerais","minor","9150","1076259930"
"Cavalcante","Cavalcante","-13.7978","-47.4578","Brazil","BR","BRA","Goiás","minor","9150","1076922025"
"Japurá","Japura","-23.4700","-52.5528","Brazil","BR","BRA","Paraná","minor","9144","1076082629"
"Ipuiúna","Ipuiuna","-22.0989","-46.1900","Brazil","BR","BRA","Minas Gerais","minor","9135","1076328220"
"Cajobi","Cajobi","-20.8800","-48.8089","Brazil","BR","BRA","São Paulo","minor","9133","1076127516"
"Umburetama","Umburetama","-7.6958","-35.6639","Brazil","BR","BRA","Pernambuco","","9124","1076928372"
"Piranguinho","Piranguinho","-22.4008","-45.5319","Brazil","BR","BRA","Minas Gerais","minor","9120","1076073450"
"Montes Altos","Montes Altos","-5.8333","-47.0667","Brazil","BR","BRA","Maranhão","minor","9111","1076887394"
"André Fernandes","Andre Fernandes","-15.9658","-41.4978","Brazil","BR","BRA","Minas Gerais","minor","9110","1076103551"
"Governador Archer","Governador Archer","-5.0219","-44.2708","Brazil","BR","BRA","Maranhão","minor","9100","1076355007"
"Rincão","Rincao","-21.5869","-48.0708","Brazil","BR","BRA","São Paulo","minor","9098","1076750486"
"Rondon","Rondon","-23.4108","-52.7608","Brazil","BR","BRA","Paraná","minor","9097","1076528861"
"Brejão","Brejao","-9.0300","-36.5689","Brazil","BR","BRA","Pernambuco","minor","9079","1076400977"
"Luís Gomes","Luis Gomes","-6.4139","-38.3889","Brazil","BR","BRA","Rio Grande do Norte","minor","9070","1076347577"
"São Francisco","Sao Francisco","-5.1228","-47.3858","Brazil","BR","BRA","Maranhão","minor","9051","1076295743"
"Januário Cicco","Januario Cicco","-6.1578","-35.6008","Brazil","BR","BRA","Rio Grande do Norte","minor","9051","1076818819"
"Bocaiúva do Sul","Bocaiuva do Sul","-25.2058","-49.1150","Brazil","BR","BRA","Paraná","minor","9050","1076459266"
"Salto Grande","Salto Grande","-22.8928","-49.9858","Brazil","BR","BRA","São Paulo","minor","9050","1076969780"
"Prados","Prados","-21.0578","-44.0800","Brazil","BR","BRA","Minas Gerais","minor","9048","1076952532"
"Coqueiral","Coqueiral","-21.1889","-45.4408","Brazil","BR","BRA","Minas Gerais","minor","9023","1076371955"
"Rafard","Rafard","-23.0117","-47.5269","Brazil","BR","BRA","São Paulo","minor","9004","1076001121"
"Carneiros","Carneiros","-9.4828","-37.3769","Brazil","BR","BRA","Alagoas","minor","8999","1076881848"
"Marcação","Marcacao","-6.7700","-35.0150","Brazil","BR","BRA","Paraíba","minor","8999","1076901829"
"Icaraíma","Icaraima","-23.3958","-53.6139","Brazil","BR","BRA","Paraná","minor","8991","1076097838"
"Santana do Manhuaçu","Santana do Manhuacu","-20.1078","-41.9250","Brazil","BR","BRA","Minas Gerais","minor","8987","1076618568"
"Pena Forte","Pena Forte","-7.8289","-39.0769","Brazil","BR","BRA","Ceará","minor","8972","1076582972"
"Miradouro","Miradouro","-20.8908","-42.3428","Brazil","BR","BRA","Minas Gerais","minor","8968","1076981625"
"Ibitirama","Ibitirama","-20.5408","-41.6669","Brazil","BR","BRA","Espírito Santo","minor","8957","1076448758"
"Rio das Flores","Rio das Flores","-22.1678","-43.5858","Brazil","BR","BRA","Rio de Janeiro","minor","8954","1076984547"
"Natuba","Natuba","-7.6408","-35.5500","Brazil","BR","BRA","Paraíba","minor","8945","1076608325"
"Açucena","Acucena","-19.0728","-42.5458","Brazil","BR","BRA","Minas Gerais","minor","8943","1076910841"
"Colméia","Colmeia","-8.7289","-48.7650","Brazil","BR","BRA","Tocantins","minor","8941","1076876679"
"Caputira","Caputira","-20.1719","-42.2708","Brazil","BR","BRA","Minas Gerais","minor","8936","1076678686"
"Terra Nova","Terra Nova","-8.2300","-39.3758","Brazil","BR","BRA","Pernambuco","minor","8920","1076265057"
"Guarani","Guarani","-21.3519","-43.0469","Brazil","BR","BRA","Minas Gerais","minor","8918","1076689848"
"Santa Isabel do Ivaí","Santa Isabel do Ivai","-23.0053","-53.1878","Brazil","BR","BRA","Paraná","minor","8912","1076463310"
"Virgínia","Virginia","-22.3328","-45.0919","Brazil","BR","BRA","Minas Gerais","minor","8908","1076524366"
"Palmeira d’Oeste","Palmeira d'Oeste","-20.4158","-50.7619","Brazil","BR","BRA","São Paulo","minor","8903","1076247939"
"Ibirapuã","Ibirapua","-17.6878","-40.1089","Brazil","BR","BRA","Bahia","minor","8896","1076018020"
"Matias Cardoso","Matias Cardoso","-14.8550","-43.9219","Brazil","BR","BRA","Minas Gerais","minor","8895","1076573459"
"Pedras de Maria da Cruz","Pedras de Maria da Cruz","-15.6069","-44.3908","Brazil","BR","BRA","Minas Gerais","minor","8871","1076803883"
"Japurá","Japura","-1.8261","-66.5989","Brazil","BR","BRA","Amazonas","minor","8858","1076669269"
"Caturama","Caturama","-13.3289","-42.2908","Brazil","BR","BRA","Bahia","minor","8841","1076059211"
"Armazém","Armazem","-28.2619","-49.0178","Brazil","BR","BRA","Santa Catarina","minor","8834","1076913756"
"Potengi","Potengi","-7.0908","-40.0269","Brazil","BR","BRA","Ceará","minor","8833","1076282197"
"Urânia","Urania","-20.2458","-50.6428","Brazil","BR","BRA","São Paulo","minor","8833","1076428972"
"Sabáudia","Sabaudia","-23.3178","-51.5528","Brazil","BR","BRA","Paraná","minor","8822","1076231193"
"São Sebastião do Curral","Sao Sebastiao do Curral","-20.2758","-45.0050","Brazil","BR","BRA","Minas Gerais","minor","8815","1076804562"
"Caapiranga","Caapiranga","-3.3167","-61.2000","Brazil","BR","BRA","Amazonas","minor","8803","1076620552"
"Alvorada","Alvorada","-12.4800","-49.1250","Brazil","BR","BRA","Tocantins","minor","8802","1076121080"
"Lontra","Lontra","-15.9073","-44.3038","Brazil","BR","BRA","Minas Gerais","minor","8790","1076073115"
"Treze Tílias","Treze Tilias","-27.0019","-51.4058","Brazil","BR","BRA","Santa Catarina","minor","8787","1076271008"
"Pereiras","Pereiras","-23.0761","-47.9758","Brazil","BR","BRA","São Paulo","minor","8773","1076745377"
"Neves Paulista","Neves Paulista","-20.8458","-49.6300","Brazil","BR","BRA","São Paulo","minor","8772","1076295222"
"Vicentinópolis","Vicentinopolis","-17.7350","-49.8058","Brazil","BR","BRA","Goiás","minor","8768","1076002859"
"Riacho dos Machados","Riacho dos Machados","-16.0058","-43.0489","Brazil","BR","BRA","Minas Gerais","minor","8756","1076541307"
"Natividade","Natividade","-11.7100","-47.7228","Brazil","BR","BRA","Tocantins","minor","8754","1076499835"
"Leopoldo de Bulhões","Leopoldo de Bulhoes","-16.6189","-48.7439","Brazil","BR","BRA","Goiás","minor","8745","1076066411"
"Comendador Levy Gasparian","Comendador Levy Gasparian","-22.0289","-43.2050","Brazil","BR","BRA","Rio de Janeiro","minor","8741","1076440000"
"Queimada Nova","Queimada Nova","-8.5789","-41.4189","Brazil","BR","BRA","Piauí","minor","8738","1076622675"
"Maiquinique","Maiquinique","-15.6208","-40.2658","Brazil","BR","BRA","Bahia","minor","8731","1076435783"
"Faro","Faro","-2.1708","-56.7450","Brazil","BR","BRA","Pará","minor","8728","1076272967"
"Cosmorama","Cosmorama","-20.4778","-49.7778","Brazil","BR","BRA","São Paulo","minor","8719","1076692431"
"Santanópolis","Santanopolis","-12.0169","-38.8669","Brazil","BR","BRA","Bahia","minor","8716","1076762230"
"Califórnia","California","-23.6500","-51.3550","Brazil","BR","BRA","Paraná","minor","8710","1076675072"
"São José do Cerrito","Sao Jose do Cerrito","-27.6628","-50.5800","Brazil","BR","BRA","Santa Catarina","minor","8708","1076319864"
"São Pedro do Ivaí","Sao Pedro do Ivai","-23.8650","-51.8558","Brazil","BR","BRA","Paraná","minor","8690","1076420982"
"Limeira d’Oeste","Limeira d'Oeste","-19.5508","-50.5808","Brazil","BR","BRA","Minas Gerais","minor","8687","1076085138"
"Aratuípe","Aratuipe","-13.0789","-39.0019","Brazil","BR","BRA","Bahia","minor","8677","1076544809"
"Marilândia do Sul","Marilandia do Sul","-23.7450","-51.3078","Brazil","BR","BRA","Paraná","minor","8677","1076477142"
"Catuípe","Catuipe","-28.2500","-54.0119","Brazil","BR","BRA","Rio Grande do Sul","minor","8674","1076092018"
"Malhada de Pedras","Malhada de Pedras","-14.3878","-41.8789","Brazil","BR","BRA","Bahia","minor","8670","1076894314"
"Passo do Sertão","Passo do Sertao","-29.2228","-49.8100","Brazil","BR","BRA","Santa Catarina","minor","8668","1076001025"
"Rodeiro","Rodeiro","-21.2000","-42.8650","Brazil","BR","BRA","Minas Gerais","minor","8664","1076881313"
"Paula Cândido","Paula Candido","-20.8739","-42.9800","Brazil","BR","BRA","Minas Gerais","minor","8659","1076748118"
"Campos Lindos","Campos Lindos","-7.9939","-46.8678","Brazil","BR","BRA","Tocantins","minor","8653","1076294103"
"Belo Vale","Belo Vale","-20.4078","-44.0239","Brazil","BR","BRA","Minas Gerais","minor","8627","1076673598"
"Monte Alegre do Sul","Monte Alegre do Sul","-22.6800","-46.6800","Brazil","BR","BRA","São Paulo","minor","8627","1076576986"
"Porto Alegre do Norte","Porto Alegre do Norte","-10.8778","-51.6328","Brazil","BR","BRA","Mato Grosso","minor","8623","1076002774"
"Ouro Verde","Ouro Verde","-21.4894","-51.7003","Brazil","BR","BRA","São Paulo","minor","8620","1076804048"
"Arealva","Arealva","-22.0286","-48.9111","Brazil","BR","BRA","São Paulo","minor","8613","1076417809"
"Santa Cruz do Monte Castelo","Santa Cruz do Monte Castelo","-22.9528","-53.2969","Brazil","BR","BRA","Paraná","minor","8613","1076534745"
"Tombos","Tombos","-20.9050","-42.0228","Brazil","BR","BRA","Minas Gerais","minor","8609","1076473026"
"Dobrada","Dobrada","-21.5167","-48.3939","Brazil","BR","BRA","São Paulo","minor","8592","1076112653"
"Sinimbu","Sinimbu","-29.5389","-52.5219","Brazil","BR","BRA","Rio Grande do Sul","minor","8578","1076004049"
"Pimenta","Pimenta","-20.4811","-45.8006","Brazil","BR","BRA","Minas Gerais","minor","8563","1076682345"
"Marcolândia","Marcolandia","-7.4428","-40.6608","Brazil","BR","BRA","Piauí","minor","8533","1076607101"
"Descanso","Descanso","-26.8247","-53.5018","Brazil","BR","BRA","Santa Catarina","minor","8530","1076993652"
"Ararica","Ararica","-29.6139","-50.9250","Brazil","BR","BRA","Rio Grande do Sul","minor","8525","1076769710"
"Nossa Senhora dos Remédios","Nossa Senhora dos Remedios","-3.9789","-42.6208","Brazil","BR","BRA","Piauí","minor","8525","1076081467"
"Carbonita","Carbonita","-17.5269","-43.0158","Brazil","BR","BRA","Minas Gerais","minor","8512","1076114573"
"Amapá","Amapa","2.0528","-50.7928","Brazil","BR","BRA","Amapá","minor","7943","1076834242"
"Jacareacanga","Jacareacanga","-6.2222","-57.7528","Brazil","BR","BRA","Pará","minor","7590","1076980493"
"Vila Velha","Vila Velha","3.2167","-51.2167","Brazil","BR","BRA","Amapá","","2723","1076575691"
"Abunã","Abuna","-9.6954","-65.3597","Brazil","BR","BRA","Rondônia","","1929","1076632448"
"Príncipe da Beira","Principe da Beira","-12.4167","-64.4166","Brazil","BR","BRA","Rondônia","","956","1076482734"
"Natal","Natal","-6.9838","-60.2699","Brazil","BR","BRA","Amazonas","","","1076336975"
"Jaboatão","Jaboatao","-8.1803","-35.0014","Brazil","BR","BRA","Pernambuco","","","1076000699"
"Crato","Crato","-7.4639","-63.0400","Brazil","BR","BRA","Amazonas","","","1076425706"
"Iguaçu","Iguacu","-22.7400","-43.4700","Brazil","BR","BRA","Rio de Janeiro","","","1076339714"